goal_distance_x,goal_distance_y,closest_ghost_distance,closest_ghost_direction_x,closest_ghost_direction_y,can_move_up,can_move_right,can_move_down,can_move_left,action
-2,18,12,-4,8,1,0,1,1,3
-6,5,9,-3,6,1,1,1,1,3
-6,18,7,1,6,1,1,1,1,3
1,-2,6,6,0,1,1,1,1,0
-15,16,17,-15,-2,1,1,1,0,2
-3,-6,3,1,-2,1,1,1,1,3
11,-6,4,4,0,1,1,1,1,0
21,-4,20,14,6,0,1,1,0,1
6,4,13,-7,-6,1,1,1,1,2
-15,8,19,-5,14,1,1,1,1,3
10,-9,23,-11,-12,1,1,1,1,0
3,4,5,4,-1,1,1,1,1,2
4,14,6,0,6,0,1,1,1,2
-1,-8,14,13,-1,1,1,1,1,0
-23,-7,11,-8,-3,1,1,1,1,3
6,-6,27,22,-5,1,1,1,0,0
7,6,2,-1,-1,1,1,1,1,2
-22,-9,11,-9,2,1,0,1,1,3
-12,-2,16,-13,-3,1,1,1,1,3
16,-9,5,5,0,1,1,1,1,0
-1,-5,14,7,-7,1,1,1,1,3
-1,6,20,-10,10,1,1,1,0,2
-17,6,6,3,3,0,1,1,1,3
2,7,12,11,-1,1,1,1,1,2
4,-9,12,-7,5,1,1,1,1,0
-19,-2,1,0,-1,1,1,1,1,3
-9,-7,24,-9,-15,1,1,1,1,3
4,4,2,1,1,1,1,1,1,2
-13,3,7,1,6,1,1,1,1,3
19,8,6,-1,-5,1,1,1,1,2
26,-5,19,14,-5,1,1,1,1,0
3,13,8,-5,3,0,1,1,1,2
12,4,20,4,16,0,1,1,1,2
-7,-10,18,-16,-2,1,1,1,0,0
-1,6,26,-26,0,1,1,1,1,3
14,-13,4,2,-2,1,1,1,1,0
13,-1,23,11,-12,1,1,0,1,0
24,4,20,19,-1,1,1,1,1,2
8,1,15,8,7,1,1,1,1,2
-5,7,11,-2,-9,1,1,1,1,3
3,1,7,0,-7,1,1,1,1,2
-16,-1,15,5,10,1,1,1,1,3
5,10,23,-7,16,0,1,1,1,2
3,1,7,-1,-6,1,1,1,1,2
-11,0,5,4,1,1,1,1,1,3
-3,7,7,-5,-2,1,1,1,1,3
-12,3,5,-2,-3,1,1,1,1,3
6,-12,13,1,-12,1,1,1,0,0
11,6,15,6,9,1,1,1,1,2
8,-1,11,-7,-4,1,1,1,1,0
-9,-6,16,1,-15,0,1,1,1,3
9,-4,10,0,10,0,0,1,1,3
-13,5,25,-17,8,1,0,1,1,3
4,-1,10,-4,-6,1,1,1,1,0
-1,10,18,-7,11,0,1,1,1,3
-6,-4,2,2,0,1,1,1,1,3
12,-3,24,17,7,1,1,1,0,0
10,6,13,8,5,1,1,1,1,2
0,-12,9,9,0,1,1,1,1,0
-11,-13,13,9,-4,1,1,1,1,3
6,4,22,-8,-14,1,1,1,1,2
-15,-9,24,-22,-2,1,1,1,1,3
-14,-1,22,-18,4,1,1,1,1,3
15,-2,2,2,0,1,1,1,1,0
-4,-12,7,-1,-6,1,1,1,1,3
6,10,26,15,11,0,1,1,1,2
-4,1,10,3,-7,1,1,1,1,3
-5,2,3,-1,-2,1,1,0,1,3
-15,8,16,-7,-9,1,1,1,1,3
-13,-12,13,4,-9,1,1,1,1,3
1,-1,4,1,-3,1,1,1,1,0
15,17,29,19,10,1,1,1,1,2
-7,3,5,0,5,1,1,1,1,3
1,2,5,-2,-3,1,1,1,1,2
19,-8,11,11,0,1,1,0,1,0
3,-8,6,-2,4,1,1,1,1,0
-4,-2,10,2,8,1,1,1,1,3
2,12,1,0,1,0,1,1,1,2
-16,-1,6,-2,4,1,1,0,1,3
-10,-5,4,0,-4,1,1,1,1,3
-18,-17,14,2,-12,1,1,1,1,3
-8,-4,21,-18,-3,1,0,1,1,3
-12,11,23,-19,4,1,0,1,1,3
-4,2,5,-5,0,1,1,1,1,3
3,-4,9,-5,-4,1,1,0,1,0
-12,2,18,-13,-5,1,1,1,1,3
15,-15,21,-3,-18,1,1,0,1,0
-5,1,14,-7,7,1,1,1,1,3
0,10,11,6,-5,1,1,1,1,2
1,-1,21,-15,-6,1,1,1,1,0
16,-3,10,9,-1,1,1,1,1,0
-1,-1,3,0,3,1,1,1,1,3
4,10,8,-6,2,1,1,1,1,2
2,3,14,-9,5,1,1,1,1,2
-17,-2,16,-1,-15,1,1,0,1,3
-12,1,16,-11,5,1,0,1,1,3
9,16,18,9,9,1,1,1,1,2
-24,-11,12,-8,4,1,1,1,1,3
1,-9,8,5,3,1,1,0,1,0
-5,10,6,-1,5,1,1,1,1,3
-14,-1,29,-20,-9,1,1,1,1,3
-6,-5,1,0,-1,1,1,1,1,3
-3,14,19,6,13,0,1,1,1,3
-6,13,10,-2,8,1,1,1,1,3
-13,-7,9,3,-6,1,1,1,1,3
-8,-8,10,-7,-3,1,1,1,1,3
20,-9,9,5,-4,1,1,1,1,0
-7,-10,12,-9,3,1,1,1,1,3
5,6,8,-2,6,1,1,1,1,2
-3,5,20,16,-4,1,1,1,0,2
-4,-6,15,7,-8,1,1,1,1,3
3,3,12,5,7,1,1,1,1,1
-21,-2,12,-10,-2,1,1,1,1,3
8,10,9,9,0,1,1,1,1,2
-15,-10,15,-11,4,1,1,1,1,3
-11,11,14,-2,12,1,1,1,1,3
17,0,28,14,-14,1,1,1,1,1
7,4,4,1,3,1,1,1,1,2
5,-8,5,-3,-2,1,1,1,1,0
-6,-2,7,-1,-6,1,1,1,1,3
-5,-17,6,-3,-3,1,1,1,1,3
-18,-1,7,-6,1,1,0,1,1,3
0,17,23,8,15,1,1,1,1,2
5,-7,20,-15,5,1,1,1,1,0
-10,2,10,-2,-8,1,1,1,1,3
15,11,4,0,4,1,1,1,1,2
11,11,4,1,3,1,1,1,0,2
-4,-1,5,4,-1,1,1,1,1,3
-7,0,8,-6,-2,1,1,1,1,3
-11,2,14,6,-8,1,1,1,1,3
-8,0,17,-1,16,0,1,1,1,3
-7,4,24,13,-11,1,1,1,1,3
-6,-13,20,-4,-16,1,1,1,1,3
11,-9,12,5,7,1,1,1,1,0
6,2,19,18,1,1,1,1,1,2
-3,3,16,12,4,1,1,1,1,3
0,4,15,-7,8,1,1,1,1,2
4,-5,13,-4,-9,1,1,1,1,0
-2,-12,11,11,0,0,1,1,1,3
12,-13,4,-3,1,1,1,1,1,0
-18,-14,9,-1,-8,1,0,1,1,3
-3,-9,11,3,-8,1,1,0,1,3
-2,1,9,-6,3,1,1,1,1,3
-20,-1,17,-7,10,1,1,1,1,3
20,-11,32,22,-10,1,1,1,0,0
7,-5,11,3,-8,1,1,1,1,0
-15,-8,9,-6,3,1,1,1,1,3
4,-3,8,0,8,1,1,1,1,0
-4,0,19,7,12,1,1,1,1,3
-12,-12,7,-1,-6,1,1,0,1,3
14,14,7,6,-1,1,1,1,1,2
2,-11,10,5,-5,1,1,1,1,0
-11,4,15,-7,8,1,1,1,1,3
-4,15,10,-5,5,1,1,0,1,3
-7,-9,14,-6,-8,1,1,1,1,3
-3,-11,17,-11,-6,1,1,0,1,3
-6,3,9,1,8,1,1,0,1,3
-12,-3,14,3,11,0,1,1,1,3
15,-4,13,2,-11,1,1,1,0,0
-5,0,9,6,3,1,1,1,1,3
-21,-1,17,-17,0,1,1,1,1,3
20,-6,9,1,-8,1,1,1,0,0
14,1,28,27,-1,1,1,1,0,2
19,-3,9,6,-3,1,1,1,1,0
-3,-7,16,-10,-6,1,1,1,1,3
17,-4,17,13,4,1,1,1,1,0
-7,10,6,0,6,1,1,1,1,3
7,13,6,5,1,1,1,1,1,2
3,-6,5,2,3,1,1,1,1,0
3,7,2,2,0,0,1,1,1,2
-4,-18,26,13,-13,1,1,1,1,3
-22,5,11,-7,4,1,1,1,1,3
3,-11,13,5,-8,1,1,1,1,0
6,0,20,8,12,1,1,1,1,1
-8,-3,13,3,10,1,1,1,1,3
4,11,16,-7,9,0,1,1,1,2
-5,-11,22,17,-5,1,1,0,1,3
-1,4,26,-18,-8,1,0,1,1,3
-6,-5,7,-5,2,1,1,1,1,3
3,-11,9,8,1,1,1,1,1,0
18,10,5,-3,2,0,1,1,1,2
13,-11,13,5,-8,1,1,1,1,0
-14,-11,12,0,-12,0,1,1,1,3
8,-1,2,-1,-1,1,1,1,1,0
-10,-4,7,1,-6,1,1,0,1,3
3,17,14,11,3,1,1,0,1,1
-2,1,15,-5,10,1,1,1,1,3
-22,0,10,-3,-7,1,1,1,1,3
-8,-7,14,-11,3,1,1,1,1,3
13,15,6,3,3,0,1,1,0,2
19,2,25,17,-8,1,1,1,0,2
9,10,9,-4,5,1,1,1,1,2
-4,7,3,2,-1,1,1,1,1,3
9,4,17,5,12,1,1,1,1,2
13,2,12,6,6,1,1,1,1,2
-18,17,21,-17,4,0,1,1,1,3
1,-5,6,0,-6,1,1,1,1,0
-10,6,11,-9,-2,1,1,1,1,3
3,-1,7,4,-3,1,0,1,1,2
-2,7,21,-14,7,1,1,1,1,3
-19,0,18,-15,-3,1,0,1,1,3
-13,-4,10,1,9,1,1,1,1,3
25,9,11,8,3,1,1,1,1,2
2,-18,5,2,-3,1,1,1,1,0
-12,5,18,-16,-2,1,1,1,1,3
-11,-5,18,-10,8,1,1,1,1,3
-18,-5,15,-3,-12,1,1,0,1,3
0,-5,6,-1,5,1,0,1,1,0
13,-4,8,3,-5,1,1,1,1,0
-22,-6,12,-9,3,1,1,1,1,3
-16,8,6,4,2,0,1,1,1,3
7,-1,25,12,13,1,1,1,1,0
-8,8,11,5,6,1,1,1,1,3
25,10,11,5,-6,1,1,1,1,2
-14,-4,15,-10,-5,1,1,1,1,3
-9,-8,11,-5,-6,1,1,0,1,3
15,1,7,-6,-1,1,1,1,1,2
4,-5,8,3,-5,1,1,1,1,0
6,10,6,-5,1,1,1,0,1,1
4,16,9,8,-1,1,1,1,1,2
17,5,12,5,7,1,1,1,1,2
-1,6,5,-2,3,1,1,1,1,3
7,3,8,1,-7,1,1,1,1,2
-16,-4,8,-7,-1,1,1,0,1,3
7,-7,3,0,3,1,1,1,1,0
4,10,5,1,4,1,1,1,1,2
-10,0,20,-3,-17,1,1,0,1,3
-3,11,9,-3,-6,1,1,1,1,3
17,-3,4,-2,-2,1,1,1,1,0
-10,3,11,-10,1,1,1,1,1,3
-17,11,11,10,-1,1,1,1,1,3
-2,5,4,-1,3,1,1,1,1,3
-4,9,11,1,10,1,1,1,1,3
-9,-1,8,6,-2,1,1,1,1,3
15,-4,19,17,-2,1,1,1,1,0
4,6,5,3,2,1,1,1,1,2
12,0,20,9,-11,1,1,0,1,1
-12,-3,29,-23,6,0,1,1,1,3
18,5,14,5,-9,1,1,1,1,2
-11,12,18,3,15,1,1,1,1,3
3,13,3,1,2,1,1,1,1,2
-17,-8,21,-17,4,1,1,0,1,3
-5,4,14,-10,-4,1,1,1,1,3
-3,9,2,0,-2,1,0,1,1,3
-7,4,15,14,1,1,1,1,1,3
6,-16,12,12,0,1,1,1,1,0
5,-2,8,6,-2,1,1,1,1,0
24,5,21,8,-13,1,1,1,1,2
-8,-8,14,-1,-13,0,1,1,1,3
-7,-14,17,9,-8,1,1,1,1,3
12,12,23,19,-4,1,1,1,1,2
-7,-12,9,5,-4,1,1,1,1,3
-6,-12,11,2,-9,1,0,1,1,3
-7,-3,12,-3,9,1,1,1,1,3
-7,-3,5,5,0,1,1,1,1,0
-13,4,3,2,-1,1,1,1,1,3
7,-7,2,-1,-1,1,1,1,1,0
-6,7,10,-10,0,1,1,1,0,2
-11,14,1,-1,0,1,0,0,1,3
-11,1,16,-12,4,1,1,1,1,3
7,4,26,9,17,0,1,1,1,2
17,-1,14,14,0,1,1,1,1,0
-10,19,18,9,9,0,1,1,1,3
-6,-3,12,4,8,1,1,1,1,3
13,13,20,-9,11,1,1,1,1,2
-4,-11,10,6,4,1,1,1,1,3
19,-6,22,16,-6,1,1,1,1,0
-17,-2,18,-12,-6,1,1,1,1,3
-21,16,11,-6,5,1,1,0,1,3
-12,-9,14,-9,-5,1,1,1,1,3
-18,2,11,-8,3,1,1,0,1,3
-11,-3,21,7,14,1,1,1,1,3
-1,-3,18,-11,-7,1,1,1,1,3
1,-13,4,-2,-2,0,1,1,1,3
12,-1,8,-5,-3,1,1,1,1,0
0,-2,4,-1,3,1,0,1,1,0
7,-1,5,-3,2,1,1,1,1,0
3,2,8,-8,0,1,1,1,1,2
-17,11,12,-12,0,1,1,1,1,3
-2,7,22,12,-10,1,1,1,1,3
-6,6,14,-7,-7,1,1,1,1,3
-10,-10,12,-11,1,1,1,1,1,3
11,14,10,7,3,0,1,1,1,2
19,-9,16,6,-10,1,1,1,0,0
-5,-1,7,6,-1,1,1,1,1,3
-10,-6,4,-3,1,1,1,1,1,3
18,-14,1,-1,0,1,1,1,1,0
-16,0,11,-11,0,1,1,1,1,3
-6,-3,17,-14,3,1,1,1,1,3
6,-1,9,-3,6,1,1,1,1,0
4,12,10,0,10,1,1,1,1,2
3,5,5,3,2,1,1,1,1,2
-18,6,7,2,5,1,1,1,1,3
17,-9,5,-5,0,1,1,1,1,0
-10,-2,12,8,4,1,1,1,1,3
5,-6,6,-3,3,1,1,1,1,0
-7,15,14,10,4,0,1,1,1,3
-9,3,8,-2,6,0,1,1,1,3
7,-9,24,20,-4,1,1,1,1,0
3,0,8,3,5,1,1,1,1,1
7,11,13,3,10,1,1,1,1,2
18,15,20,11,9,1,1,1,0,2
13,2,8,-4,4,1,1,1,0,2
-11,-5,6,-3,-3,1,1,1,1,3
5,11,17,-3,14,1,1,1,1,2
-17,1,6,2,4,1,1,1,1,3
-5,0,9,-9,0,1,1,0,1,3
11,13,17,3,14,0,1,1,1,2
11,-3,7,-3,4,1,1,1,1,0
-24,4,4,1,3,1,1,1,1,3
1,-4,27,-25,2,1,1,1,1,0
-20,-4,9,-3,-6,1,0,1,1,3
-3,0,9,-1,-8,1,1,1,1,3
-10,-8,20,5,-15,1,1,1,1,3
14,-3,23,20,-3,0,1,1,1,1
15,-12,4,0,4,1,1,1,1,0
8,-9,37,19,-18,1,1,0,1,0
-25,-12,13,-1,-12,1,0,1,1,3
10,-7,9,9,0,1,1,1,0,0
8,6,8,-1,7,0,1,1,1,2
16,-3,7,-3,4,1,1,1,1,0
21,-5,13,-1,-12,1,1,1,1,0
-18,-1,6,0,6,1,1,1,1,3
-3,-15,5,-3,-2,1,1,1,1,3
5,8,8,-5,-3,1,1,1,1,2
2,2,1,-1,0,1,1,0,1,1
7,0,21,-9,-12,1,1,1,1,1
6,10,7,4,3,1,1,1,1,2
7,0,9,3,6,0,1,1,1,1
-17,9,7,-3,-4,1,0,1,1,3
14,11,12,-4,8,1,1,1,1,2
15,11,21,17,-4,1,1,1,0,2
18,3,20,14,6,1,1,1,0,2
-4,1,6,0,6,1,1,1,1,3
2,-12,12,-6,-6,1,1,1,1,0
3,-8,8,6,2,1,1,1,1,0
-4,2,13,10,3,1,1,1,1,3
10,5,7,-6,-1,1,1,1,1,2
-8,-2,9,-9,0,1,1,1,1,3
-6,15,9,0,9,1,1,1,1,3
-6,-1,5,5,0,1,1,1,1,3
10,6,5,-1,4,1,1,1,1,2
21,1,21,18,3,1,1,1,0,1
-5,2,9,-8,-1,1,0,1,1,3
-15,-1,2,1,-1,1,1,1,1,3
10,-4,22,16,6,1,1,1,1,0
23,6,15,15,0,1,1,1,0,2
-6,5,11,6,-5,1,1,1,1,3
1,-2,6,-3,3,1,1,1,1,0
-4,2,18,-18,0,1,1,1,1,3
4,0,14,5,9,1,1,1,1,1
-4,12,12,-4,8,1,1,1,1,3
12,-3,15,-3,12,1,1,1,1,0
-17,-11,17,-15,-2,1,1,0,1,3
-9,-4,4,-3,-1,1,1,1,1,3
-8,-8,16,-11,-5,1,1,1,1,3
11,-5,8,7,-1,1,1,1,1,0
0,5,8,6,-2,1,1,1,1,2
-16,-11,14,-12,-2,1,1,1,1,3
-4,0,17,-5,12,1,1,1,1,3
10,-7,4,2,-2,1,1,1,1,0
2,-3,23,-15,8,0,1,1,1,1
-5,4,9,0,9,0,1,1,1,3
-12,-6,4,3,1,1,1,1,1,3
0,7,18,15,3,1,1,1,0,2
3,-2,10,1,9,1,1,1,1,0
8,12,9,8,1,1,1,1,1,2
-5,-8,20,-14,-6,1,1,1,1,3
-2,12,11,-7,4,1,1,1,1,3
20,-10,3,2,-1,1,1,1,1,0
-24,6,6,-1,-5,1,1,1,0,2
-3,-1,7,1,-6,1,1,1,1,3
22,-2,16,14,2,1,1,1,1,0
-19,3,16,-14,-2,1,1,1,1,3
-4,12,11,-10,1,0,1,1,1,3
-21,-6,26,-15,11,1,1,1,1,3
8,2,23,14,9,1,0,0,1,0
-14,-12,4,-3,-1,1,1,1,0,0
-5,1,9,-8,1,1,1,1,1,3
0,2,10,-5,-5,1,1,1,1,2
-23,-8,18,-17,1,1,1,1,1,3
-6,-4,4,3,1,1,1,1,1,3
-6,5,4,-2,-2,1,1,1,1,3
2,11,6,6,0,0,1,1,1,2
-6,6,7,-2,5,1,1,1,1,3
3,4,5,1,4,1,1,1,1,2
5,13,18,-3,15,1,1,1,1,2
7,1,12,4,8,1,1,1,1,2
-1,0,8,-6,2,1,1,1,1,3
-7,-17,3,2,1,0,1,1,1,3
-6,9,6,2,4,1,1,1,1,3
0,-2,12,9,-3,1,1,1,1,0
5,4,24,14,10,1,1,1,1,2
-16,-4,9,3,-6,0,1,1,1,3
13,-5,7,3,4,1,1,1,1,0
8,-4,2,1,-1,1,1,1,1,1
-13,4,18,-10,8,1,1,0,1,3
-4,6,3,-1,2,1,1,1,1,3
5,9,27,24,3,1,1,1,1,2
-10,-10,18,-12,-6,1,1,1,1,3
8,-2,6,5,1,1,1,1,1,0
7,6,33,15,18,0,1,1,1,2
-6,-3,6,2,4,1,1,1,1,3
2,-9,6,-3,-3,1,1,1,1,0
3,-11,5,-1,-4,1,1,1,1,0
6,-6,7,6,1,1,1,1,1,0
-9,3,6,1,-5,1,1,1,1,3
-4,6,8,7,1,1,1,1,1,3
-1,-8,9,-3,-6,1,1,1,1,3
10,11,3,0,-3,1,1,1,1,2
-12,-14,11,1,-10,1,1,1,1,3
22,12,5,1,-4,1,1,1,1,2
-11,1,9,-8,-1,1,1,1,1,3
-10,-6,8,-3,-5,1,1,1,1,3
-6,-10,10,-5,-5,1,1,1,1,3
-3,-6,19,12,-7,1,1,1,1,3
4,-7,19,-14,-5,1,1,0,1,0
2,-11,8,-3,5,1,1,1,1,0
9,-1,10,-2,-8,1,1,1,1,0
-8,16,19,-8,11,0,1,1,1,3
-4,1,24,-21,-3,1,1,1,1,3
2,14,8,-2,6,1,1,0,0,1
-7,-18,27,16,-11,1,1,0,1,3
18,5,15,7,8,1,1,1,1,2
12,10,8,8,0,1,1,1,1,2
15,1,5,-4,1,1,1,1,1,2
-9,4,23,9,14,1,1,1,1,3
-3,-4,12,-12,0,1,1,0,1,3
-7,-2,7,-7,0,1,1,1,1,3
-6,-2,15,-12,3,1,0,1,1,3
11,9,15,1,14,1,1,1,1,2
3,4,12,-4,-8,1,1,1,1,2
-2,5,2,2,0,0,1,1,1,3
15,9,9,-5,4,1,1,1,1,2
7,4,4,-4,0,1,1,1,1,2
-4,0,25,-15,-10,1,1,1,1,3
0,13,3,0,-3,1,1,1,1,2
-9,-14,19,14,-5,1,1,1,1,3
0,3,5,-3,2,1,1,0,1,1
-17,6,22,-21,1,1,0,1,1,3
-2,-3,9,6,-3,1,1,1,1,3
26,-18,18,6,-12,1,1,0,0,0
-5,-10,7,-1,-6,1,1,1,1,3
-5,1,13,-12,-1,1,1,1,1,3
4,12,13,5,8,1,1,1,1,2
10,3,14,-8,-6,1,1,1,1,2
-1,3,21,16,5,1,1,1,1,3
-22,5,7,2,-5,1,1,1,0,2
8,-16,7,-1,-6,0,1,1,1,1
15,1,4,0,-4,1,1,1,1,2
0,-1,27,-15,-12,1,0,1,1,0
6,7,20,-7,13,1,1,1,1,2
-3,9,16,16,0,1,1,1,1,3
-7,-10,23,-6,-17,0,1,1,1,3
22,3,14,9,-5,1,1,1,1,2
17,3,8,-2,-6,1,1,1,1,2
1,-1,10,-4,-6,1,1,1,1,0
6,-18,2,-1,-1,1,1,0,1,0
14,-9,6,1,-5,1,1,1,1,0
7,15,28,13,15,0,1,1,1,2
9,-4,13,10,3,1,1,0,1,0
-21,9,2,2,0,0,1,1,1,3
-16,4,18,-9,-9,1,1,1,1,3
11,3,22,17,5,1,1,1,1,2
-2,0,28,-18,10,0,1,1,0,2
1,-16,12,9,3,1,1,1,1,0
-3,6,21,-4,17,0,1,1,1,3
3,11,8,6,2,1,1,1,1,2
0,-14,2,-1,1,1,1,1,1,0
2,-1,26,14,12,1,1,1,1,0
-7,3,5,-2,-3,1,1,1,1,3
7,-3,3,-1,-2,1,1,1,1,0
0,-14,4,4,0,1,1,1,1,0
11,-12,2,-1,-1,1,1,1,1,0
23,10,45,27,18,1,1,1,0,2
-17,-14,11,-9,-2,1,1,0,1,3
-2,-8,10,5,-5,1,1,0,1,3
22,12,26,24,2,0,1,1,1,2
-8,-2,6,-5,1,1,1,1,1,3
-6,7,34,-24,-10,1,1,1,1,3
9,-7,8,3,5,1,1,1,1,0
-1,1,21,4,17,1,1,1,1,3
14,2,11,4,7,1,1,1,1,2
9,11,6,0,6,1,1,1,1,2
9,1,4,-2,2,1,1,1,1,2
12,19,9,-2,7,0,1,1,1,2
14,2,8,-2,6,1,1,1,1,2
11,17,11,-5,6,1,1,0,1,1
-12,-3,32,-23,-9,1,1,0,1,3
-9,-11,12,9,-3,1,1,1,1,3
14,-15,8,2,-6,1,1,0,1,0
19,-5,8,-5,3,1,1,1,1,0
21,3,4,-2,2,1,1,0,1,1
11,6,5,-5,0,1,1,1,1,2
3,-9,5,-5,0,1,1,1,1,0
7,14,4,1,-3,1,1,1,1,2
17,-1,13,9,4,1,1,1,1,0
-5,5,17,-11,6,1,1,1,1,3
7,2,1,1,0,1,1,1,1,2
-20,-7,16,-14,-2,1,1,1,1,3
25,12,39,20,19,0,1,1,1,2
-23,-10,19,-17,-2,1,1,1,1,3
1,-8,14,2,-12,1,1,0,1,0
2,-11,13,6,-7,1,1,0,1,0
-9,4,11,-8,3,0,0,1,1,3
-1,-9,5,4,-1,0,1,1,1,1
-8,-11,7,-5,-2,1,1,1,1,3
-10,-4,19,4,-15,1,0,1,1,3
-19,15,4,0,4,0,1,1,0,2
8,7,15,7,-8,1,1,1,1,2
5,0,6,-2,4,0,1,1,1,1
13,-9,7,6,-1,1,1,1,1,0
13,-1,5,-4,1,1,1,1,1,0
-3,-10,7,-5,-2,1,1,1,1,3
-15,-10,18,-12,-6,0,1,1,1,3
-9,12,5,4,-1,1,1,1,1,3
16,-1,19,1,-18,1,1,0,1,0
-11,-4,6,-5,1,1,1,1,1,3
-18,-11,8,3,-5,1,1,0,1,3
1,-7,23,-23,0,1,1,1,1,0
5,0,17,2,-15,1,1,1,1,1
8,-10,19,18,1,1,1,1,1,0
-21,2,12,-9,-3,1,1,1,1,3
-6,-16,26,-16,-10,0,1,1,1,3
20,-13,12,11,1,1,1,1,1,0
0,9,15,-2,13,1,1,1,1,2
-3,-2,15,-7,-8,1,1,1,1,3
-4,5,13,-11,2,1,1,1,1,3
4,7,3,-3,0,1,1,1,1,2
-17,-1,9,7,2,1,1,1,1,3
0,9,14,6,-8,1,1,1,1,2
15,4,13,-5,8,1,1,1,1,2
3,-3,16,-8,-8,1,1,1,1,0
8,-7,5,-3,-2,1,1,1,1,0
3,-4,17,-8,-9,1,1,1,1,0
7,-3,7,0,-7,1,1,1,1,0
-1,-4,11,11,0,1,1,1,1,3
-12,-9,6,-3,3,1,1,1,1,3
-6,1,11,-8,3,1,1,1,1,3
16,-8,9,6,3,1,1,1,1,0
-1,-1,7,4,3,1,1,0,1,3
4,1,13,-1,-12,1,1,1,1,2
1,15,4,-3,1,1,1,1,1,2
13,-4,10,2,-8,1,1,1,1,0
-6,12,18,-2,16,0,1,1,1,3
-5,-6,21,11,10,1,1,1,1,3
-8,-3,12,-5,-7,1,1,1,1,3
15,6,11,9,2,1,1,1,1,2
10,-4,7,4,3,1,1,1,1,0
7,9,20,18,-2,1,1,1,1,2
9,-16,29,25,-4,1,1,0,1,0
7,-7,12,4,-8,1,1,1,1,0
-1,12,18,0,18,0,1,1,1,2
5,5,12,11,-1,1,1,1,0,2
-1,5,6,3,3,1,1,1,1,3
-7,6,12,-1,11,0,1,1,1,3
5,-17,10,-4,-6,1,1,1,1,0
4,-12,24,13,-11,1,1,1,1,0
-10,-14,14,-10,-4,1,1,1,1,3
12,7,8,6,-2,1,1,1,1,2
-3,7,7,-4,-3,1,1,1,1,3
3,-1,12,-11,1,1,1,1,1,0
-10,-11,20,-18,-2,1,1,1,1,3
3,4,26,-15,11,1,1,1,1,2
23,-9,2,0,-2,1,1,1,1,0
-2,-3,7,7,0,1,1,1,1,3
15,-4,2,0,-2,1,1,1,1,0
0,-11,11,-9,-2,1,1,1,1,0
-10,5,13,-7,-6,1,1,1,1,3
4,14,11,3,8,1,1,1,1,2
-12,3,11,-3,8,1,1,1,1,3
1,-3,8,0,8,1,1,1,1,0
8,7,9,8,-1,1,1,1,1,2
18,3,15,10,5,1,1,1,1,2
-4,-6,2,2,0,1,1,1,1,3
8,-11,2,0,-2,1,1,1,1,0
6,4,6,-4,2,1,1,1,1,2
22,4,30,17,13,0,0,1,1,2
-1,1,5,-2,-3,1,1,1,1,3
-15,7,20,-15,-5,1,0,1,1,3
-13,10,8,6,2,0,1,1,1,3
9,0,11,8,3,1,1,1,1,1
7,11,13,8,5,1,1,0,0,1
-11,-3,9,-6,3,1,1,1,1,3
-25,-12,8,-3,5,1,1,1,1,3
11,-6,15,1,-14,1,1,1,1,0
-9,0,16,-8,-8,1,1,1,1,3
13,2,8,-4,4,1,1,1,1,2
0,7,8,4,4,1,1,1,1,2
20,-4,17,12,5,1,1,1,1,0
-7,9,3,-2,1,1,1,1,1,3
25,-11,17,16,1,1,1,1,0,0
21,-1,16,14,2,1,1,1,1,1
22,4,4,1,-3,1,1,1,1,2
-15,8,4,-3,-1,1,1,1,1,3
5,-10,5,-5,0,1,1,1,1,0
-11,7,20,-11,9,1,0,1,1,3
3,1,9,-7,-2,1,1,1,1,2
16,-10,9,4,-5,1,1,0,0,0
-3,-10,9,2,-7,1,1,0,1,3
-3,-8,6,-2,4,1,1,1,1,3
-2,-14,10,3,-7,1,1,1,1,3
9,7,9,5,4,1,1,1,1,2
-2,-2,2,2,0,1,1,1,1,3
-17,-11,17,-14,-3,0,1,1,1,3
-14,4,9,-3,6,1,1,1,1,3
-2,-10,19,-14,-5,1,0,1,1,3
12,0,15,11,4,1,1,1,1,1
-6,8,16,-8,8,1,1,1,1,3
-5,10,10,-5,-5,1,1,1,1,3
-18,-3,15,-1,-14,1,0,1,1,3
6,-2,9,-2,7,1,1,1,1,1
2,-6,7,-2,5,1,1,1,1,0
17,14,20,7,13,1,1,1,1,2
6,3,6,-1,5,1,1,1,1,2
26,-5,21,8,-13,1,1,1,0,0
-27,5,11,-10,1,1,0,1,1,3
8,-15,3,2,-1,1,1,0,1,0
-8,6,14,-10,4,0,1,1,1,3
-22,-4,21,-17,4,1,0,1,1,3
-15,2,8,5,-3,0,1,1,1,3
2,3,7,5,2,1,1,1,1,2
-4,5,12,-11,1,1,1,0,0,1
10,5,6,-1,5,1,1,1,1,2
-9,-9,8,-3,-5,1,1,0,1,3
-2,1,13,8,-5,1,1,1,1,3
24,-3,16,9,7,1,1,1,1,0
16,-2,7,5,2,1,1,1,0,0
12,-17,7,7,0,1,1,1,1,0
-25,-6,20,-17,-3,1,1,0,1,3
8,9,10,7,3,1,1,1,1,2
-6,-14,16,-15,-1,1,1,1,1,3
-3,4,27,-13,14,1,1,1,1,3
-13,2,17,-15,-2,1,1,1,1,3
16,1,4,4,0,1,1,1,1,2
-3,-10,7,-3,-4,1,1,1,1,3
-14,-6,3,-3,0,1,1,1,1,3
-8,9,7,-4,3,1,1,1,1,3
2,1,8,8,0,1,1,1,1,2
-3,-17,19,-8,-11,1,1,0,1,3
-14,1,28,-23,5,1,1,1,1,3
3,-2,17,-7,10,1,1,1,1,0
1,-3,12,8,-4,1,1,1,1,0
-9,-10,6,-3,3,1,1,1,1,3
10,11,17,17,0,0,1,1,1,2
-7,-16,15,-3,-12,1,1,1,1,3
8,2,6,-2,-4,1,1,1,1,2
6,-7,22,-10,-12,1,1,1,1,0
6,9,12,8,-4,1,1,1,1,2
6,-6,20,20,0,1,1,1,1,0
0,1,9,-7,-2,1,1,1,1,2
0,-9,4,-2,2,1,1,1,1,0
-1,-3,16,12,-4,1,1,1,1,3
-16,11,28,-13,15,1,1,1,0,2
-8,3,13,-2,11,1,1,1,1,3
7,-5,27,14,-13,1,1,0,1,0
12,-11,8,6,2,1,1,1,1,0
-22,-2,11,-10,1,0,1,1,1,3
-12,4,21,-20,1,0,1,1,0,2
-2,6,10,-6,-4,1,0,1,1,3
-9,-18,4,-2,-2,1,1,0,1,3
-8,-2,24,-22,-2,1,1,1,0,0
-14,-3,7,0,7,1,1,1,1,3
-2,-4,8,-7,-1,1,1,1,1,3
0,-4,6,-4,-2,1,1,1,1,0
-2,-4,26,9,-17,1,1,1,1,3
-12,-15,28,13,-15,1,1,1,1,3
-15,-5,9,-4,-5,1,1,1,1,3
9,4,7,0,7,0,1,1,1,2
2,-8,13,9,-4,1,1,1,1,0
-6,0,21,-4,17,1,1,1,1,3
5,-17,10,-8,2,1,1,1,1,0
4,-4,10,-4,-6,1,1,1,1,0
-21,-12,24,-19,5,1,1,1,1,3
-13,3,7,-2,-5,1,0,1,1,3
2,1,16,-14,2,1,1,1,1,2
-2,9,17,-9,-8,1,0,1,1,3
-10,3,6,-4,-2,1,1,1,1,3
0,-7,8,4,-4,1,1,1,1,0
4,11,15,7,8,0,1,1,1,2
24,4,11,10,1,1,1,1,0,2
10,-7,11,2,-9,1,1,0,1,0
-16,4,20,-5,15,1,0,0,1,3
-13,2,23,-4,19,0,1,1,1,3
13,-8,17,15,-2,1,1,0,1,0
2,-8,22,-13,9,1,1,1,1,0
4,-5,15,13,2,1,1,1,1,0
-3,-16,6,1,-5,1,1,1,1,3
-1,6,7,-4,-3,1,1,1,1,3
11,9,11,-9,2,1,1,1,1,2
12,13,1,0,-1,1,1,1,1,1
-20,3,17,-11,-6,1,1,1,1,3
4,-16,5,0,-5,1,1,1,1,0
-4,-1,6,1,-5,1,1,1,1,3
-8,-7,6,1,-5,1,1,1,1,3
16,10,18,14,-4,1,1,1,1,2
2,3,10,-9,-1,1,1,1,1,2
3,6,5,-3,-2,1,1,1,1,2
18,11,13,-5,8,1,1,1,1,2
-10,-3,21,14,-7,1,1,1,1,3
11,-6,7,-4,-3,0,1,1,1,1
2,12,1,-1,0,1,0,0,1,3
22,-3,9,8,1,1,1,1,1,0
5,-3,17,-2,-15,1,1,0,1,0
-3,-5,10,-5,5,1,1,1,1,3
-5,11,21,-21,0,1,1,1,1,3
-2,12,16,-10,-6,1,1,1,1,3
-3,7,14,-11,-3,1,1,1,1,3
8,-2,10,9,-1,1,1,1,1,0
-16,-17,8,-7,-1,0,1,1,1,3
22,-17,27,14,-13,1,1,1,1,0
3,2,21,5,16,1,0,1,1,2
-4,16,8,-4,4,0,1,1,1,3
9,-13,14,10,4,1,1,1,1,0
-2,-8,14,-7,-7,1,1,1,1,3
-20,8,3,-3,0,1,1,1,1,3
14,3,18,5,13,1,1,1,1,2
3,-2,7,7,0,1,1,1,1,0
12,3,8,-6,-2,1,1,1,1,2
2,18,15,3,12,0,1,1,1,2
25,9,2,1,-1,1,1,1,0,2
2,0,15,3,12,0,1,1,1,1
3,2,15,12,3,1,1,1,1,2
0,2,17,10,-7,1,1,1,1,2
-6,7,15,2,13,1,1,1,1,3
6,-1,16,15,-1,1,1,0,1,0
10,5,16,4,12,1,1,1,1,2
-12,-10,9,-8,-1,1,1,1,1,3
7,1,16,3,13,1,1,1,1,2
-1,2,11,7,4,1,1,1,1,3
9,-1,3,0,-3,1,1,1,1,0
-3,13,21,4,17,1,1,1,1,3
-3,4,5,1,-4,1,1,1,1,3
-3,1,8,-8,0,1,1,1,1,3
11,-11,19,-16,-3,1,1,1,1,0
4,4,12,6,6,1,1,1,0,2
7,-4,9,1,8,1,1,1,1,0
-23,-10,5,-2,3,1,1,1,1,3
13,2,4,4,0,1,1,1,1,2
-8,-10,4,3,-1,1,1,1,1,3
4,-8,9,1,-8,1,1,1,1,0
13,4,14,11,3,1,1,1,0,2
-10,13,7,2,-5,1,1,1,1,3
-11,6,11,-7,-4,1,1,1,1,3
0,-2,1,1,0,1,1,1,1,0
13,-15,8,7,1,1,1,1,1,0
-3,0,18,-5,-13,1,1,1,1,3
-19,5,34,-22,12,0,1,1,1,3
15,-4,7,-6,1,1,1,1,1,0
11,12,11,8,-3,1,1,1,0,2
10,-4,8,5,-3,1,1,1,1,0
8,8,12,10,-2,1,1,1,1,2
-1,-18,5,0,-5,1,1,0,1,3
-9,-13,2,0,-2,1,1,0,1,3
-17,-3,4,3,-1,1,1,1,1,3
18,-5,10,6,4,1,1,1,0,0
4,0,18,-15,-3,1,1,1,1,1
16,-6,5,0,-5,1,1,1,1,0
-3,0,3,0,-3,1,1,1,1,3
-4,6,23,21,2,1,1,1,1,3
-1,-7,16,-2,-14,1,1,1,1,3
12,-2,21,13,-8,1,1,1,1,0
17,-4,17,14,3,1,1,0,1,0
1,-12,11,-10,1,1,1,1,1,0
9,-5,3,-1,-2,1,1,1,1,0
-4,9,20,-7,13,0,0,1,1,3
19,-3,29,22,-7,1,1,1,0,0
10,0,27,19,-8,1,1,1,1,1
11,-14,4,-4,0,1,1,1,1,0
9,8,14,7,7,1,1,1,1,2
15,-7,7,6,1,1,1,1,1,0
-22,3,6,1,-5,1,1,1,1,3
-22,-6,12,3,-9,1,1,0,1,3
-1,-8,14,-8,-6,1,1,1,1,3
10,6,20,-1,19,0,1,1,1,2
-9,-10,13,-12,-1,1,1,1,1,3
20,2,3,1,2,1,1,1,1,2
3,16,2,-1,1,1,1,1,1,2
-10,-13,13,-13,0,0,1,1,1,3
-1,10,9,4,5,1,1,1,1,3
-26,-7,4,0,-4,1,0,1,1,3
-2,-7,20,-11,9,1,1,1,1,3
-8,0,12,9,3,1,1,1,1,3
6,2,6,-4,-2,1,1,1,1,2
-4,1,5,-5,0,1,1,1,1,3
4,1,27,-17,10,1,1,1,1,1
15,12,5,-5,0,1,1,1,1,2
0,7,9,-4,5,1,1,1,0,2
14,9,11,6,-5,1,1,1,1,2
-2,9,11,-5,6,1,1,1,1,3
-21,9,24,-14,10,1,1,1,1,3
-16,10,2,-2,0,1,1,1,1,3
1,-3,20,16,-4,0,1,1,1,3
12,5,26,18,8,1,1,1,1,2
-20,-4,10,5,-5,1,1,1,1,3
5,-3,15,-9,6,1,1,1,1,0
-5,4,9,3,6,1,1,1,1,3
1,-3,10,-10,0,1,1,1,1,0
2,-1,6,3,-3,0,1,1,1,1
14,9,17,14,-3,1,1,1,1,2
-6,-15,8,-7,1,1,1,1,1,3
-3,-17,15,-2,-13,1,1,1,1,3
-5,-3,11,11,0,1,1,1,1,0
-14,-12,22,-4,-18,1,1,0,1,3
-6,14,17,4,13,1,1,1,1,3
12,2,13,-10,3,1,1,1,1,2
25,4,14,13,1,1,0,1,1,2
-4,-3,8,4,4,1,1,1,1,3
-7,0,27,-25,2,1,0,1,1,3
-19,9,8,-1,7,1,1,1,1,3
-7,-13,10,4,-6,1,1,0,1,3
5,1,7,4,-3,1,1,1,1,2
-18,10,6,1,5,1,1,1,1,3
20,-8,5,4,1,1,1,1,1,0
3,0,25,7,-18,1,1,0,1,1
0,-5,5,4,-1,1,1,1,1,0
-7,-1,14,4,-10,1,1,1,1,3
-1,-10,7,0,-7,1,1,1,1,3
12,-13,1,-1,0,1,1,0,1,0
8,7,8,-4,-4,1,1,1,1,2
24,4,9,5,-4,0,0,1,1,2
-12,15,2,-2,0,1,1,1,1,3
-6,-3,18,-5,13,1,1,1,1,3
-6,5,11,6,-5,1,1,1,1,3
7,-2,10,-7,3,1,1,1,1,0
3,1,9,-6,-3,1,1,1,1,2
-6,-1,19,2,-17,1,1,0,1,3
-11,-12,5,4,1,1,1,0,1,3
7,18,8,-4,4,1,1,1,1,2
-16,-4,4,-2,-2,1,1,1,1,3
-16,10,8,1,7,1,1,1,1,3
1,-9,8,-1,7,1,1,1,1,0
16,9,8,5,3,0,0,1,1,2
3,9,7,-4,-3,1,1,1,1,2
25,-6,1,1,0,1,1,1,1,0
-3,4,23,-12,11,1,1,1,1,3
-19,6,27,8,19,0,1,1,1,3
10,-1,11,2,9,1,1,1,1,0
8,-12,8,-4,-4,0,1,1,1,1
-3,2,13,6,7,0,1,1,1,3
-6,7,14,2,12,0,1,1,1,3
-14,-9,11,-10,1,1,1,1,1,3
2,-1,5,-3,-2,1,1,1,1,0
-4,-1,24,6,-18,1,1,0,1,3
3,5,7,3,4,1,1,1,1,2
10,8,20,2,18,1,1,1,1,2
-5,17,13,12,1,1,1,1,1,3
12,0,25,13,12,0,1,1,1,1
1,0,9,7,2,1,1,1,1,1
5,-12,8,0,-8,1,1,1,1,0
-3,7,5,0,-5,1,1,1,1,3
-4,12,4,-1,3,1,1,1,1,3
10,-4,13,-1,12,1,1,1,1,0
-9,8,7,2,5,1,1,1,1,3
-26,-2,18,-15,-3,1,0,1,1,3
-21,7,18,-11,7,1,1,1,1,3
-6,-6,3,2,-1,1,1,1,1,3
11,-9,17,5,-12,1,1,1,0,0
8,2,6,1,5,1,1,1,1,2
2,15,9,7,2,1,1,1,1,2
1,0,16,4,12,1,1,1,1,1
2,-2,22,-19,-3,1,0,1,1,0
17,-11,6,-1,-5,1,1,0,1,0
-4,0,22,11,11,1,1,1,1,3
5,-10,24,14,-10,1,1,1,1,0
12,-2,11,2,9,1,1,1,1,0
13,3,13,-3,10,0,1,1,1,2
18,7,5,-2,3,1,1,1,1,2
7,-8,6,-3,-3,1,1,1,1,0
-6,16,15,9,6,1,1,1,1,3
3,1,13,11,-2,1,1,1,1,2
-7,0,14,7,7,0,1,1,1,3
-7,15,13,-1,12,0,1,1,1,3
0,-16,3,-3,0,1,1,0,1,0
-19,8,5,-4,-1,1,1,1,1,3
14,0,15,2,13,0,1,1,1,1
8,-5,11,0,-11,1,1,1,1,0
-2,14,21,-4,17,1,1,1,1,3
14,-10,8,5,-3,1,1,1,1,0
-8,9,6,5,-1,1,1,1,1,3
16,-10,14,9,-5,1,1,1,0,0
-9,-6,16,-2,-14,1,1,0,1,3
5,7,13,-6,7,1,1,1,1,2
-25,-3,28,-27,1,1,0,1,1,3
-10,-10,18,-16,2,1,1,1,1,3
8,-11,12,10,2,1,1,1,1,0
-21,-12,10,-6,-4,1,1,1,1,3
0,14,13,-11,-2,1,1,1,1,2
5,-5,10,6,4,1,1,0,1,0
-1,-1,8,7,-1,1,1,1,1,3
5,-10,13,9,-4,1,1,1,1,0
-19,2,4,3,-1,1,1,1,1,3
9,7,11,0,-11,1,1,1,1,2
17,-5,16,15,-1,1,1,1,1,0
-5,0,8,0,-8,1,1,1,1,3
18,-10,7,-7,0,1,1,0,1,0
-8,-1,11,0,11,1,1,1,1,3
-22,-4,22,-12,10,1,1,1,1,3
20,1,1,-1,0,1,1,1,1,2
5,-10,2,1,-1,1,1,1,1,0
12,6,19,-10,9,1,1,1,1,2
-2,17,7,5,2,1,1,1,1,3
4,-7,2,-2,0,1,1,1,1,0
-6,-12,20,-18,-2,1,0,1,1,3
-1,-15,17,-13,-4,1,1,0,1,0
23,2,2,1,-1,1,1,0,1,1
-21,8,7,-7,0,1,1,1,1,3
-24,1,9,-8,1,0,1,1,1,3
-21,-5,10,5,5,1,1,1,1,3
-5,-1,1,1,0,1,1,1,1,3
-4,8,16,-6,10,1,1,1,1,2
14,-10,11,-2,-9,1,1,0,1,0
6,2,13,6,7,1,1,1,1,2
-3,-7,2,-1,1,1,1,1,1,3
-11,8,15,-9,6,1,0,1,1,3
13,-2,7,0,-7,1,1,1,1,0
-24,0,29,-17,12,0,1,1,0,2
-18,-2,8,-6,-2,1,1,1,1,3
6,-16,6,-5,-1,1,1,1,1,0
14,-4,21,20,-1,1,1,1,1,0
-13,3,25,-18,7,1,1,1,1,3
6,-2,9,-4,-5,1,1,1,1,0
-16,-1,12,-5,7,1,1,1,0,2
0,10,12,1,11,1,1,1,1,2
-10,13,22,-10,12,1,1,1,1,3
-20,17,5,-3,2,1,1,1,1,3
-27,17,26,-19,7,0,0,1,1,3
-16,-2,7,-2,-5,1,1,1,1,3
0,-2,12,5,7,1,1,1,1,0
10,9,11,11,0,1,1,1,1,2
4,8,5,-4,1,1,1,1,1,2
6,-2,17,16,-1,1,0,1,1,2
9,2,10,-2,8,1,1,1,1,2
-11,11,7,-4,3,1,1,1,1,3
-4,2,10,0,-10,1,1,1,1,3
-4,-18,21,8,-13,1,1,0,1,3
-3,0,12,11,1,1,1,1,1,3
-18,4,13,0,-13,1,1,1,1,3
-18,-3,5,1,-4,1,1,0,1,3
1,-13,14,10,4,1,1,1,1,0
-2,-2,5,2,-3,1,1,1,1,3
7,-10,3,-2,1,1,1,1,1,0
13,-5,7,-6,-1,1,1,1,1,0
1,-4,15,-10,-5,1,1,1,1,0
-5,1,16,-5,-11,1,1,1,1,3
12,19,10,6,4,0,1,1,1,2
3,5,8,1,-7,1,1,1,1,2
6,10,7,-4,-3,1,1,1,1,2
12,-4,6,-2,-4,1,1,1,1,0
0,-4,7,6,-1,1,1,1,1,0
-17,-12,24,-21,3,1,1,1,1,3
-3,18,23,-6,17,1,1,1,1,3
-6,-15,10,-7,3,1,1,1,0,0
-20,-15,7,-6,1,1,0,1,1,3
-10,11,12,-10,2,0,1,1,1,3
-6,5,8,-7,-1,1,1,1,1,3
-16,15,16,5,11,1,1,0,1,3
-7,-12,12,2,-10,1,1,1,1,3
-13,0,12,2,-10,1,1,1,1,3
-5,-3,15,13,2,1,1,1,1,3
-11,13,14,-3,11,0,1,1,1,3
24,3,24,15,9,1,1,1,1,2
9,2,3,-1,2,0,1,1,1,2
4,-10,11,-5,-6,1,1,1,1,0
17,-14,17,11,-6,1,1,1,1,0
-1,-11,15,9,-6,1,1,1,1,3
5,11,21,15,6,1,1,1,1,2
-15,-4,3,-3,0,1,1,1,1,3
1,-8,3,-1,-2,1,1,1,1,0
-2,-4,13,6,-7,1,1,0,1,0
-2,15,7,7,0,1,1,1,1,3
4,4,13,10,3,1,1,1,1,2
4,-5,12,7,-5,1,1,1,1,0
12,4,23,11,-12,1,1,1,1,2
8,1,5,4,1,1,1,1,1,2
-8,10,15,7,8,1,1,1,1,3
7,-15,26,8,-18,1,1,1,1,0
-11,1,17,-15,2,1,1,1,1,3
-18,1,15,-14,-1,1,1,1,1,3
-5,1,4,-4,0,1,1,1,1,3
-12,-6,17,-16,1,1,1,1,1,3
17,-7,8,1,7,1,1,1,1,0
6,-16,9,-8,-1,1,1,1,1,0
-9,-4,6,1,5,1,1,1,1,3
6,-16,5,4,1,1,1,1,0,0
24,-3,16,8,-8,1,1,1,1,0
26,-3,14,5,-9,1,1,1,1,0
-1,-4,6,1,-5,1,1,1,1,3
-8,-4,12,7,-5,1,1,1,1,3
13,-4,10,-2,-8,1,1,1,1,0
2,-12,4,4,0,1,1,0,1,0
3,-13,4,3,-1,1,1,1,1,0
3,-4,5,2,3,1,1,1,1,0
-3,5,5,1,-4,1,1,1,1,3
1,2,6,2,-4,0,1,1,1,2
14,-4,13,-9,-4,1,1,1,1,0
-2,10,32,-19,13,0,1,1,1,3
-1,11,4,4,0,1,1,1,1,3
5,-1,19,-19,0,1,1,1,1,0
-12,-1,6,-3,-3,1,1,1,1,3
-3,6,6,-6,0,1,1,1,1,3
-1,-2,7,3,4,1,1,1,1,3
-2,8,22,12,10,0,1,1,1,3
13,0,13,10,3,1,1,1,1,1
5,2,5,-5,0,1,1,1,1,2
9,7,18,0,18,0,1,1,1,2
-3,4,3,-2,-1,1,1,1,1,3
26,-12,23,18,-5,1,1,1,1,0
-15,0,10,-4,-6,1,1,1,1,3
-6,17,30,-13,17,1,0,1,1,3
1,11,11,-8,3,1,1,1,1,2
7,6,8,-4,4,1,1,1,1,2
20,-8,9,8,-1,1,1,1,1,0
-5,-4,8,-6,2,1,1,1,1,3
7,-8,12,11,1,1,1,1,1,0
-7,-5,18,10,8,1,1,1,1,3
-21,3,11,-10,-1,1,0,1,1,3
2,10,8,-4,-4,1,1,1,1,2
7,-3,18,17,1,1,1,1,1,0
9,-14,11,11,0,1,1,1,1,0
10,-6,12,10,2,0,1,1,1,1
-8,-3,10,-10,0,1,1,1,1,3
-8,4,8,-5,-3,1,1,1,1,3
1,6,15,-12,-3,1,1,1,1,2
3,15,24,14,10,0,1,1,0,2
4,-6,8,-6,-2,1,1,1,1,0
-9,6,12,6,6,1,1,1,1,3
4,-2,9,-3,6,1,1,1,1,0
-7,-12,2,-1,1,1,1,1,1,3
2,4,10,3,7,1,1,1,1,2
-8,6,18,-9,9,1,1,1,1,3
2,-3,5,1,4,1,1,1,1,0
-1,-1,10,2,8,1,1,1,1,3
19,6,4,-4,0,1,1,1,1,2
11,-1,4,-2,2,1,1,0,1,0
7,4,18,-16,-2,1,1,1,1,2
-5,-1,9,9,0,1,1,1,1,3
5,-4,3,2,-1,1,1,0,1,0
0,-15,30,14,-16,0,1,1,1,3
0,12,15,-10,5,1,1,1,1,2
-1,2,11,1,10,1,1,1,1,3
-5,13,16,7,9,0,1,1,1,3
7,2,22,19,-3,1,1,1,1,2
6,4,19,10,9,1,1,1,1,2
-15,-7,14,5,-9,1,1,1,1,3
-20,2,8,-5,-3,1,1,1,1,3
-14,12,13,-7,6,1,1,1,1,3
-8,-5,12,3,-9,1,1,1,1,3
14,-1,23,20,3,1,1,1,1,0
-8,5,12,-10,-2,1,1,1,1,3
-2,1,20,-19,-1,1,0,1,1,3
-25,17,20,-19,1,1,1,1,1,3
-4,6,4,2,-2,1,1,1,1,3
14,-3,16,10,6,1,1,1,1,0
1,-4,11,9,2,1,1,1,1,0
-6,-5,12,7,-5,1,1,1,1,3
0,-7,12,2,10,1,1,1,1,0
-11,-8,10,-3,-7,1,1,1,1,3
6,-11,18,7,-11,1,1,1,1,0
6,10,7,-4,-3,1,1,1,1,2
19,5,21,14,-7,1,1,1,1,2
-2,-16,15,-12,-3,1,1,1,0,0
-17,2,2,-1,-1,1,1,1,1,3
8,-9,3,1,-2,1,1,1,1,0
17,-7,20,15,-5,1,1,1,1,0
3,5,17,-15,-2,1,1,1,1,2
11,-7,10,3,-7,1,1,0,1,0
6,7,7,3,4,1,1,1,1,2
-14,3,19,-19,0,0,1,1,1,3
5,4,8,-6,-2,1,1,1,1,2
-8,3,22,-9,13,1,1,1,1,3
-9,12,22,-6,16,1,1,0,1,3
17,7,8,3,5,1,1,1,1,2
8,11,19,10,9,1,1,1,1,2
-8,6,28,14,14,0,1,1,1,3
1,2,10,3,-7,1,1,0,1,3
-4,0,19,-17,-2,0,1,1,1,3
2,12,27,-19,8,1,1,0,1,1
-13,-2,7,-5,2,1,1,1,1,3
26,-7,30,25,-5,1,1,1,0,0
-8,-10,11,-3,-8,1,1,0,1,3
-15,7,22,-7,15,1,0,1,1,3
5,2,12,-9,3,1,1,1,1,2
-17,8,12,5,7,1,1,1,1,3
11,-1,16,15,1,1,1,1,1,0
-11,5,16,-9,-7,1,1,1,1,3
4,-14,5,-1,-4,1,1,1,1,0
3,-13,15,-5,-10,1,1,1,0,0
-16,5,10,4,-6,1,1,1,1,3
-23,2,14,-11,3,1,1,1,1,3
-13,2,4,-3,1,1,1,1,1,3
6,-4,6,5,1,1,1,1,1,0
15,2,9,-5,4,1,1,1,1,2
2,0,7,1,6,1,1,1,1,1
3,5,3,1,-2,1,1,1,1,2
-2,-8,15,-15,0,1,1,1,1,0
-14,-2,9,-6,-3,1,1,1,1,3
9,-2,18,-7,-11,1,1,0,1,0
-1,-6,13,1,-12,1,1,1,1,3
0,-3,14,-9,-5,1,1,1,1,0
-5,-1,16,6,-10,1,1,1,1,3
0,-8,9,-4,5,1,1,1,1,0
11,3,1,0,1,1,1,1,1,2
-5,-13,25,16,-9,1,1,0,1,3
-2,15,23,-8,15,1,0,1,1,3
-23,0,11,-10,1,1,0,1,1,3
19,-2,8,-3,5,1,1,1,1,1
0,3,4,3,-1,1,1,1,1,2
-15,-6,25,-14,-11,1,0,1,1,3
-16,-4,1,0,-1,1,1,1,1,3
-4,-15,6,-6,0,1,1,0,1,3
3,-8,12,-11,1,1,1,1,1,0
-11,18,10,-1,9,1,0,1,1,3
12,1,8,8,0,1,1,1,1,2
6,5,16,11,5,1,1,1,1,2
19,3,7,-5,2,1,1,1,1,2
-24,-6,16,-16,0,1,1,1,1,3
3,6,7,-6,-1,1,1,1,1,2
-4,6,4,3,1,1,1,1,1,3
5,3,24,16,-8,1,1,1,1,2
-23,-3,4,0,-4,1,0,1,1,3
11,-7,13,-5,-8,1,1,0,1,0
-10,11,11,3,8,1,1,1,1,3
16,17,22,10,12,1,1,1,1,2
8,-1,6,0,6,1,1,1,1,0
14,5,11,4,7,1,1,1,1,2
-7,2,15,7,8,1,1,1,1,3
10,-12,8,-3,-5,1,1,1,1,0
-11,-15,23,-18,-5,1,1,0,1,3
0,-3,3,1,2,1,1,1,1,0
10,-4,12,5,7,0,1,1,0,1
-8,-4,7,-2,-5,1,1,1,1,3
-18,-9,34,-25,-9,1,1,1,1,3
-2,-9,5,5,0,1,1,1,1,3
12,-4,7,2,5,1,1,1,1,0
11,9,14,8,-6,1,1,1,1,2
8,8,10,9,1,1,1,1,1,2
13,11,10,4,6,1,1,1,1,2
5,4,13,-13,0,0,1,1,1,2
-18,11,15,-9,6,1,1,1,0,2
4,-14,8,3,-5,1,1,0,1,0
-4,-11,12,-6,6,1,1,1,1,3
-11,8,9,-6,3,1,0,1,1,3
7,-3,17,12,5,1,1,1,1,0
10,-6,10,10,0,1,1,0,1,0
4,6,18,-13,-5,1,1,1,1,2
6,12,34,16,18,1,1,1,1,2
-11,-1,6,-3,-3,1,1,1,1,3
20,-10,16,8,-8,1,1,1,1,0
1,2,3,3,0,1,1,1,1,2
-5,-16,20,-11,-9,1,1,1,1,3
-17,-3,10,-5,-5,1,1,1,1,3
10,-7,11,-2,-9,1,1,0,1,0
9,-9,6,0,-6,1,1,1,1,0
-12,-5,11,-6,5,1,1,1,1,3
-9,-11,9,-3,-6,1,1,1,1,3
-7,12,17,10,7,1,1,1,1,3
9,16,25,23,2,1,1,0,0,1
-1,2,2,0,-2,1,1,1,1,3
-25,4,29,-27,2,1,0,1,1,3
-22,3,22,-22,0,1,0,1,1,3
3,-3,22,-14,-8,1,1,1,1,0
-25,3,11,-8,-3,1,1,1,1,3
15,2,19,3,16,0,1,1,1,2
-2,-5,13,6,-7,1,1,1,1,3
-2,2,4,1,-3,1,1,1,1,3
-10,-6,15,-6,-9,1,1,1,1,3
-7,1,17,-11,-6,1,1,1,1,3
3,10,20,17,3,1,1,1,1,2
-11,-5,5,-3,2,1,1,1,1,3
-21,11,11,-8,3,1,1,1,1,3
17,-5,4,-2,-2,1,1,1,1,0
-7,-8,24,-7,-17,1,0,1,1,3
-14,-1,3,1,-2,1,1,0,1,3
8,15,13,-8,5,0,1,1,1,2
8,-11,8,0,-8,1,1,1,1,0
-6,-11,8,-5,-3,1,1,1,1,3
-12,-4,10,7,3,1,1,1,1,3
-12,-4,7,1,-6,1,1,0,1,3
-8,11,6,5,1,1,1,1,1,3
-5,10,9,6,3,1,1,1,1,3
10,-3,2,-2,0,1,1,1,1,0
14,5,9,2,7,1,1,1,1,2
-8,5,8,-5,-3,1,1,1,1,3
15,17,12,-5,7,1,1,1,1,2
-25,6,18,-10,8,1,1,0,0,0
3,2,9,8,1,1,1,1,1,2
6,5,21,11,-10,1,1,1,1,2
-1,-7,15,14,-1,1,1,1,1,0
12,8,11,3,8,1,1,1,0,2
-1,3,17,-10,7,1,0,1,1,3
-1,2,7,-3,4,1,1,1,1,3
8,-6,12,9,-3,1,1,1,1,0
24,2,1,-1,0,1,1,1,1,2
-15,5,5,-2,-3,1,1,1,1,3
-7,14,5,5,0,1,1,1,1,3
-1,-11,13,7,-6,1,1,1,1,3
-11,0,4,2,2,1,1,1,1,3
-7,-6,15,-12,-3,1,1,1,1,3
9,2,13,5,-8,1,1,1,1,2
8,-8,11,-1,-10,1,1,0,1,0
-5,-9,8,-4,-4,1,1,0,1,3
11,-1,11,5,-6,1,1,1,1,0
2,-9,8,-5,-3,1,1,1,1,0
12,-2,11,10,-1,1,1,1,1,0
11,5,16,9,7,1,1,1,1,2
-9,-16,10,1,-9,1,1,1,1,3
2,-1,5,4,1,1,1,1,1,0
-4,-2,2,0,-2,1,0,1,1,3
-16,-15,14,-14,0,1,1,0,1,3
-17,2,5,-4,-1,1,1,1,1,3
0,-7,10,6,4,1,1,1,1,0
22,-2,8,8,0,1,1,1,1,0
13,2,14,8,6,1,1,1,0,2
1,-12,17,3,-14,1,1,1,1,0
11,10,14,7,7,1,1,0,1,1
-4,-3,2,-1,1,1,1,1,1,3
8,2,15,11,-4,1,1,1,1,2
3,10,26,-19,7,1,1,1,1,2
-7,-11,15,13,-2,1,1,1,1,3
9,-4,7,2,-5,1,1,1,0,0
-6,1,16,4,12,0,1,1,1,3
10,3,8,-7,1,1,1,1,1,2
-11,-6,13,-4,9,1,0,1,1,3
-1,-4,10,8,-2,1,1,1,1,3
24,-3,23,16,-7,1,1,1,1,0
-6,-2,14,-14,0,1,1,1,1,3
-3,-2,5,4,1,1,1,1,1,3
2,11,19,-7,12,1,1,0,1,3
2,4,8,-7,1,1,1,1,1,2
-26,3,21,-17,4,1,0,1,1,3
15,10,3,3,0,0,1,1,0,2
5,10,7,6,-1,1,1,0,1,3
23,6,4,-3,1,1,1,0,0,1
7,-3,14,10,4,1,1,1,1,0
4,-4,30,25,5,1,0,1,1,0
-22,-9,14,-13,-1,1,1,1,1,3
-11,4,17,-14,3,1,1,1,1,3
-1,-18,5,-4,-1,1,1,0,1,3
-11,-5,10,-4,-6,1,1,1,1,3
5,-6,10,-2,8,1,1,1,1,0
-9,-9,3,-2,1,1,1,1,1,3
-10,-7,8,-2,6,1,1,1,1,3
-18,9,10,-7,3,1,1,1,1,3
-15,-3,5,-3,2,1,1,1,1,3
-7,-1,22,-22,0,1,1,0,1,3
-14,-2,5,0,5,1,0,1,1,3
-9,-7,7,0,-7,1,1,1,1,3
12,0,13,11,2,1,1,1,0,1
-12,11,5,-3,2,1,1,0,1,3
9,-12,10,8,-2,1,1,1,1,0
-16,-2,14,-8,-6,1,1,1,1,3
4,-6,7,4,-3,1,1,1,1,0
10,-7,15,4,-11,1,1,0,1,0
13,5,8,5,-3,1,1,1,1,2
0,5,22,18,4,1,1,1,1,2
-1,-13,5,-5,0,1,1,0,1,3
1,-11,8,-8,0,1,1,1,1,0
14,-3,14,8,-6,1,1,1,1,0
15,3,20,17,3,1,1,1,1,2
-5,6,5,2,3,1,1,1,1,2
20,6,2,1,-1,1,1,1,0,2
-4,-1,14,-4,-10,1,1,1,1,3
3,4,14,8,-6,1,1,1,1,2
3,12,20,10,10,1,1,1,1,2
3,-14,14,-9,-5,1,1,0,1,0
-4,-4,20,-12,-8,1,1,1,1,3
15,-4,4,0,4,1,1,1,1,0
-4,14,6,-6,0,1,1,1,1,3
-11,-3,11,-1,-10,1,1,1,1,3
2,-1,8,-6,-2,1,1,0,1,0
-6,11,12,-6,6,1,1,1,1,3
-7,4,4,-2,-2,1,1,1,1,3
0,7,7,-4,-3,1,1,1,1,2
6,1,10,-4,6,1,1,1,0,2
-18,2,5,2,3,1,1,1,0,2
-8,-11,16,-2,-14,1,1,1,1,3
10,10,5,3,2,1,0,1,1,2
-9,-7,11,-10,1,1,1,1,1,3
7,4,17,2,15,1,1,1,1,2
8,4,15,2,-13,1,1,1,0,2
22,4,13,2,11,1,1,1,1,2
25,-8,6,6,0,1,1,1,0,0
13,-5,16,13,3,1,1,1,0,0
-1,-15,7,5,-2,1,1,1,1,3
8,0,13,5,8,1,1,1,1,1
0,1,20,-8,12,1,1,1,1,2
-15,2,10,-2,-8,1,1,1,1,3
-4,-7,10,-7,-3,1,1,1,1,3
4,7,5,-2,3,1,1,1,1,2
14,10,3,-1,-2,1,1,1,1,2
-24,6,29,-23,6,1,1,1,1,3
-2,-6,12,-10,-2,1,1,1,1,3
12,-2,9,-5,4,1,1,1,1,0
14,-13,16,11,-5,1,1,1,1,0
-19,3,25,-9,16,1,1,0,0,0
10,-2,17,10,7,1,1,1,1,0
2,2,33,-23,10,0,1,1,1,2
13,-10,1,-1,0,1,1,1,1,0
-5,6,20,-14,6,1,1,1,1,3
1,8,6,-2,4,1,1,1,1,2
19,6,24,21,-3,1,0,1,1,2
17,8,14,5,9,1,1,1,0,2
2,5,13,11,-2,1,1,1,1,2
-4,-11,8,-4,4,1,1,1,1,3
24,7,1,1,0,1,1,1,0,2
-3,1,6,-1,-5,1,1,1,1,3
-9,-12,5,3,-2,1,1,0,1,3
18,9,3,-3,0,1,1,1,1,2
2,-1,16,-14,2,1,1,1,1,0
-12,-10,5,0,-5,1,1,1,1,3
-4,-3,19,-16,3,1,0,1,1,3
-4,0,22,-21,1,0,1,1,1,3
-5,-9,8,4,-4,1,1,1,1,3
10,0,23,12,-11,1,1,1,1,1
15,0,17,15,-2,1,1,1,1,1
-9,16,2,-2,0,0,1,1,1,3
-6,1,27,-15,12,1,0,1,1,3
-20,17,16,-5,11,0,1,1,1,3
-7,-1,22,8,-14,1,1,1,1,3
2,5,6,3,-3,1,1,1,1,2
15,13,14,8,-6,1,1,1,0,2
-7,2,15,-7,-8,1,0,1,1,3
-1,12,16,4,12,1,1,1,1,2
3,-7,3,1,-2,1,1,1,1,0
-4,6,26,-22,4,1,0,1,1,3
7,-5,18,17,1,0,1,1,1,1
-6,4,12,10,-2,1,1,1,1,3
-10,6,18,-11,-7,1,1,1,1,3
4,10,4,2,2,1,1,1,1,2
0,-9,12,8,-4,1,1,1,1,0
-23,6,14,-2,12,1,1,1,1,3
12,-2,20,19,-1,1,1,1,1,0
7,15,26,10,16,1,1,1,1,2
1,-5,6,-3,-3,1,1,1,1,0
12,-7,5,-3,2,1,1,1,1,0
5,-17,17,16,-1,1,1,1,1,0
23,1,26,15,11,1,1,1,0,2
-15,11,8,-1,-7,1,1,1,1,3
-21,8,21,-15,6,1,1,1,1,3
15,14,7,4,-3,1,1,1,1,2
-23,-3,26,-21,-5,1,0,1,1,3
1,7,9,1,8,1,1,1,0,2
3,-2,18,4,-14,1,1,1,1,0
-13,-2,12,-9,3,0,1,1,1,3
-3,1,16,-11,-5,1,0,1,1,3
1,0,11,7,4,1,1,1,1,1
18,3,9,-8,-1,1,1,1,1,1
2,1,12,4,8,1,1,1,1,2
13,4,16,1,15,1,1,1,1,2
-3,-17,8,-2,-6,1,1,1,1,3
-6,11,5,4,-1,1,1,1,1,3
1,-17,16,-14,2,1,1,1,1,0
9,10,15,2,13,1,1,1,1,2
-9,-5,17,6,-11,1,1,1,1,3
11,12,4,-4,0,1,1,1,1,2
3,2,11,3,-8,1,1,1,1,2
-23,12,9,-7,2,1,1,1,1,3
-8,10,13,-6,7,1,1,1,1,3
-19,0,22,-17,-5,1,1,1,1,3
6,3,16,10,-6,1,1,1,1,2
-3,-14,16,3,-13,1,1,1,1,0
-1,7,21,-13,8,0,1,1,1,3
0,9,10,-8,2,1,1,1,1,2
15,3,23,15,8,1,0,1,1,2
5,15,9,-7,2,0,1,1,1,2
-5,-3,12,0,-12,1,0,1,1,3
3,4,11,5,-6,1,1,1,1,2
17,6,5,3,-2,1,1,1,1,2
-23,3,27,-14,13,0,1,1,1,3
6,11,1,1,0,1,1,1,1,2
11,14,10,-8,2,1,1,1,1,2
-4,14,11,8,3,1,1,1,1,3
14,-11,11,3,8,1,1,1,0,0
-1,7,1,-1,0,1,1,1,1,3
2,-4,11,7,4,1,1,1,1,0
16,4,5,-1,4,1,1,1,1,2
-6,0,10,-7,3,1,1,1,1,3
1,10,16,12,4,1,1,1,1,2
13,-9,31,19,-12,1,1,1,1,0
5,-1,18,5,13,1,1,1,1,0
3,-16,14,3,-11,1,1,1,1,0
17,-1,7,-6,-1,1,1,1,1,0
13,3,21,15,6,1,1,1,1,2
-6,10,10,4,6,1,1,1,1,3
-3,-5,31,-24,-7,1,1,0,1,3
-4,10,6,0,6,1,1,1,1,2
-13,-18,17,7,-10,1,1,0,1,3
-25,-1,8,0,-8,1,1,1,1,3
5,10,9,5,4,1,1,1,1,2
-9,6,20,-19,-1,1,1,1,1,3
23,2,17,12,5,0,1,1,1,2
-6,10,6,-5,-1,1,1,1,1,3
-8,-13,3,0,-3,1,1,1,1,3
2,11,8,7,1,1,1,1,1,2
-7,3,2,-1,1,1,1,1,1,3
25,12,13,11,-2,1,0,1,1,2
6,-3,24,23,-1,1,1,1,1,0
-15,12,6,4,-2,1,1,1,1,3
13,-1,17,17,0,1,1,1,1,0
17,-12,17,17,0,1,1,1,1,0
0,-7,12,-10,-2,1,1,1,1,0
-1,9,3,1,2,1,1,1,1,3
3,4,1,-1,0,1,1,1,1,2
-7,-3,4,1,3,1,1,1,1,3
3,-7,7,7,0,1,1,1,1,0
6,-9,9,1,-8,1,1,1,1,0
-16,-6,12,-6,-6,1,0,1,1,3
10,5,10,9,1,0,1,1,1,2
-22,10,13,-11,-2,1,0,1,1,3
7,13,11,4,7,1,1,1,1,2
-8,6,29,-25,4,1,0,1,1,3
-3,-6,14,-2,-12,1,1,1,1,3
1,17,8,3,5,1,1,1,1,2
2,5,9,-9,0,1,1,1,1,2
-14,8,13,-9,-4,1,0,1,1,3
3,-6,6,1,-5,1,1,0,1,0
11,5,6,-2,4,1,1,1,1,2
-3,0,6,-1,5,1,1,1,1,3
-14,-9,14,-10,-4,1,1,1,1,3
8,-10,11,-6,-5,1,1,1,1,0
4,-7,7,-7,0,1,1,1,1,0
1,-1,9,1,8,1,1,1,0,0
-6,-3,18,6,-12,1,1,1,1,3
-7,4,17,-12,-5,1,1,1,1,3
10,1,4,-2,-2,1,1,1,1,2
20,-4,15,11,-4,1,1,1,0,1
-12,-4,13,-7,-6,1,1,1,1,3
-10,-8,20,5,-15,1,1,1,1,3
1,-5,17,17,0,1,1,1,0,0
-5,12,2,0,2,1,1,1,1,3
16,-16,11,9,-2,0,1,1,1,1
5,-15,14,6,-8,1,1,0,1,0
24,8,23,10,13,1,1,1,1,1
1,-11,12,-10,2,1,1,1,1,0
-2,12,6,3,3,1,1,1,1,3
15,-2,5,-3,2,1,1,1,1,0
3,-7,7,1,6,1,1,1,1,0
-4,-2,6,1,5,1,1,1,1,3
-4,9,9,-5,4,1,1,1,1,3
-10,15,16,11,5,1,1,1,1,3
5,-1,10,4,-6,1,1,1,1,0
-6,5,10,6,4,0,1,1,1,3
4,-6,7,0,-7,1,1,1,1,0
-3,0,6,-3,-3,1,1,1,1,3
10,-7,12,11,1,1,1,1,1,0
1,-9,19,-8,-11,1,1,1,1,0
-9,-3,9,-4,5,1,1,1,1,3
0,-10,14,-12,-2,1,1,1,1,0
-4,10,7,6,-1,1,1,1,1,3
-7,-6,15,9,-6,1,1,1,1,3
-13,1,9,-5,4,1,1,1,1,3
-15,-15,15,0,-15,1,1,0,1,3
-25,-4,6,0,-6,1,1,1,1,3
-2,-17,18,-14,-4,0,1,1,1,3
9,16,15,-1,14,0,1,1,1,2
4,9,12,8,4,1,1,1,1,2
6,-6,12,-12,0,1,1,1,1,0
15,8,1,0,1,1,1,1,1,2
7,11,18,-6,12,1,1,1,1,2
19,-1,10,2,8,1,1,1,0,0
18,-5,15,10,-5,1,1,0,1,0
-16,-12,17,-11,-6,1,1,0,1,3
3,-4,3,3,0,1,1,1,1,0
3,16,9,-2,7,1,1,1,1,2
-3,10,10,-10,0,1,1,1,1,3
-7,10,21,-7,14,0,1,1,1,3
7,-5,17,12,5,1,1,1,1,0
-15,11,19,-8,11,1,1,1,1,3
6,5,21,7,-14,1,1,1,1,2
-1,-10,12,6,-6,1,1,1,1,3
2,11,17,-6,11,0,1,1,1,2
-22,-1,23,-23,0,1,1,0,1,3
18,12,22,5,17,1,1,1,1,2
11,13,19,10,9,1,1,1,1,2
-17,-2,22,-18,-4,1,1,1,1,3
5,7,11,-11,0,1,1,1,1,2
-9,7,17,-9,8,1,1,1,1,3
-4,14,17,5,12,0,1,1,1,3
-12,0,28,-22,-6,1,1,1,1,3
8,12,17,16,1,1,0,1,1,2
1,-13,8,-3,-5,1,1,1,1,0
-2,9,23,-11,12,0,1,1,1,3
4,2,4,-2,-2,1,1,1,1,2
1,-7,6,-1,5,1,1,1,1,0
-19,-2,24,-17,-7,1,1,0,1,3
6,6,22,20,-2,1,1,1,1,2
-16,9,8,-1,7,0,1,1,1,3
3,-8,11,-4,7,1,1,1,1,0
-7,-6,9,4,5,1,1,1,1,3
-3,-4,17,14,3,1,1,1,1,3
-1,-6,7,5,-2,1,1,1,1,3
17,-8,15,11,4,1,1,1,1,0
-2,2,6,2,-4,1,1,1,0,2
-2,1,13,11,-2,1,1,1,1,3
-11,7,12,-8,4,1,1,1,1,3
5,10,10,7,-3,1,1,1,1,2
16,-3,11,-2,-9,1,1,1,1,0
12,-10,1,0,-1,1,1,1,1,0
-7,7,30,-13,17,0,1,1,1,3
-9,14,5,-5,0,1,1,1,1,3
9,-4,25,-11,14,1,1,1,1,0
-1,4,8,-4,4,1,1,1,1,3
25,-8,22,21,-1,1,1,1,1,0
-16,-5,2,-2,0,1,1,1,1,3
-17,0,14,-8,-6,1,1,1,1,3
8,-3,6,-5,-1,1,1,1,1,0
21,7,8,-1,7,1,1,1,1,2
3,7,19,12,7,0,1,1,1,2
-8,-10,2,-1,-1,1,1,0,1,3
10,8,3,-1,-2,1,1,1,1,2
-22,-8,10,-7,-3,1,1,1,1,3
-7,-17,18,-9,-9,0,1,1,1,3
-2,-15,11,9,2,0,1,1,1,3
-1,11,19,-13,6,1,0,1,1,3
-19,9,7,3,-4,0,1,1,1,3
0,-2,32,17,-15,1,1,1,1,0
-2,4,7,-2,-5,1,1,1,1,3
-10,0,8,1,-7,1,1,1,1,3
1,-7,8,-5,3,1,1,1,1,0
3,1,16,-7,9,1,1,1,1,2
13,-11,17,3,-14,1,1,1,1,0
-1,10,16,-11,5,1,1,1,1,2
3,12,9,0,9,0,1,1,1,2
-7,-1,4,-3,-1,1,1,1,1,3
-16,-1,15,0,-15,1,1,0,1,3
18,-9,15,14,1,1,1,1,1,0
18,-1,29,23,6,1,1,1,1,0
-20,-2,13,-4,-9,1,0,1,1,3
10,2,15,15,0,1,1,1,1,2
10,16,15,12,3,1,1,1,1,2
-10,-10,29,-19,-10,1,1,1,0,0
19,-16,15,14,-1,1,1,1,1,0
-4,11,9,5,4,1,1,1,1,3
-14,5,22,-15,7,1,1,1,1,3
-14,18,9,-7,2,1,1,1,1,3
-26,14,39,-24,15,1,0,1,1,3
-11,3,17,7,-10,1,1,1,1,3
-5,-9,18,9,-9,1,1,0,1,3
-17,6,7,3,-4,1,1,1,1,3
6,1,9,7,-2,1,1,1,1,2
4,4,15,6,9,1,1,1,1,2
14,-8,8,3,-5,1,1,0,1,0
13,5,6,5,-1,1,1,1,1,2
-11,-3,6,2,-4,1,1,1,1,3
7,2,6,-5,-1,1,1,1,1,2
-15,-4,13,-9,-4,1,1,1,1,3
-3,3,8,4,4,0,1,1,1,3
14,11,10,9,1,1,1,1,1,2
-20,-3,28,-16,-12,1,1,1,1,3
-2,14,17,7,10,1,1,1,1,3
-11,6,10,-6,-4,1,1,1,1,3
-1,14,2,-2,0,1,1,1,1,3
-11,11,2,-2,0,1,1,1,1,3
24,-9,9,-1,-8,1,1,1,1,0
-13,-3,7,3,-4,1,1,1,1,3
-14,2,16,-13,3,1,1,1,1,3
0,-1,11,-10,-1,1,1,1,1,0
-6,-3,15,-6,9,1,1,1,1,3
12,2,22,11,11,1,1,1,1,2
12,-5,8,-7,-1,1,1,1,1,0
-17,-7,12,-5,-7,1,1,0,1,3
-5,-2,10,6,4,1,1,1,1,3
5,0,2,-1,-1,1,1,1,1,1
-25,-17,14,-3,-11,1,1,0,1,3
-15,0,15,-8,7,1,1,1,1,3
-14,-5,25,-23,2,1,1,1,1,3
26,-4,26,22,-4,1,1,0,1,0
10,10,8,-2,6,1,1,1,1,2
-7,1,24,17,7,1,1,1,1,3
-2,2,16,-15,1,1,1,1,1,3
-2,-4,8,-6,-2,1,1,0,1,3
9,-2,17,-9,-8,1,1,1,1,0
14,1,20,14,-6,1,1,0,1,1
7,2,18,-13,5,1,1,1,1,2
-5,1,11,3,-8,1,1,1,1,3
-13,8,11,1,10,1,1,0,1,3
3,-1,5,1,-4,1,1,1,1,0
9,-9,9,1,-8,1,1,1,1,0
8,4,9,4,5,1,1,1,1,2
-7,-12,20,-9,-11,1,1,1,1,3
22,-1,9,0,-9,1,1,1,0,0
-2,2,19,16,-3,1,1,1,1,3
-2,8,8,-2,-6,1,1,1,1,3
2,7,17,17,0,1,1,1,0,2
-17,-6,18,-15,-3,1,0,1,1,3
-13,-7,10,-3,7,1,1,1,1,3
15,5,17,2,15,1,1,1,1,2
3,-4,13,-13,0,1,1,0,1,0
11,8,1,-1,0,1,1,1,1,2
7,-9,18,4,-14,1,1,1,1,0
-17,0,12,-9,3,1,0,1,1,3
15,-5,9,7,2,1,1,1,1,0
3,8,30,-22,-8,1,1,1,1,2
-2,-3,6,-4,-2,1,1,1,1,3
15,-5,18,-6,-12,1,1,1,1,0
-6,-4,11,-4,7,1,1,1,1,3
22,4,22,14,8,1,1,1,1,1
22,-8,6,-1,5,1,1,1,1,0
-13,5,9,0,-9,1,1,1,1,3
-15,-11,7,-2,-5,1,1,1,1,3
-1,0,19,-6,-13,1,1,1,1,3
-19,12,16,-13,-3,1,1,1,1,3
-6,-17,7,7,0,1,1,1,1,3
18,8,9,8,1,1,1,0,1,1
10,-8,8,7,1,1,1,1,1,0
4,0,14,-2,12,0,1,1,1,1
3,1,18,-12,6,1,1,1,1,2
12,3,6,3,3,1,1,1,1,2
9,8,1,-1,0,1,1,1,1,2
0,3,7,0,-7,1,1,1,1,2
0,-11,8,5,3,1,1,1,1,0
1,-4,21,4,-17,0,1,1,1,3
10,-2,13,1,12,1,1,1,0,1
-4,5,10,-8,-2,1,1,1,1,3
18,0,7,3,4,1,1,1,1,1
-2,-4,17,10,7,1,1,1,1,3
-4,0,20,-18,2,0,1,1,1,3
-3,-12,12,-12,0,1,1,1,1,0
0,1,14,7,-7,1,1,1,1,2
3,-1,18,-8,-10,1,1,1,1,0
-13,-5,4,3,1,1,1,1,1,3
22,2,27,25,-2,0,1,1,1,2
-1,-5,3,-1,2,1,1,1,1,3
-3,-5,22,10,-12,0,1,1,1,3
-5,-19,12,10,-2,1,1,0,1,3
-12,13,9,8,-1,1,1,1,1,3
12,2,3,2,1,1,1,1,1,2
1,-4,2,0,2,1,1,1,1,0
8,1,8,2,6,1,1,1,1,2
16,1,13,0,13,0,1,1,1,2
-5,0,11,-4,7,1,0,1,1,3
12,-6,22,18,-4,1,1,1,1,0
12,-16,40,27,-13,1,1,1,0,0
-6,-8,16,-12,-4,1,1,1,1,3
-5,-5,15,-13,-2,1,1,1,1,3
9,8,3,-1,-2,1,1,1,1,2
5,1,21,13,8,0,1,1,1,2
16,-14,16,1,-15,1,1,1,1,0
-11,15,18,-15,3,0,0,1,1,3
-3,1,8,-8,0,0,1,1,1,3
-5,-4,14,9,5,1,1,1,1,3
10,-7,9,6,3,1,1,1,1,0
5,8,14,3,11,1,1,1,1,2
2,0,9,5,-4,1,1,1,1,1
7,14,32,15,17,1,1,1,0,2
22,13,18,18,0,1,1,1,1,1
20,-4,4,-2,2,1,1,1,1,0
12,16,8,6,2,0,1,1,1,2
-16,8,5,-4,-1,0,0,1,1,3
2,-7,4,1,3,1,1,1,1,0
-19,6,5,-5,0,1,1,1,1,3
-5,-2,17,-13,-4,1,1,1,1,3
-11,2,9,3,6,1,1,1,1,3
-8,8,22,-14,-8,1,1,1,1,3
-7,-2,5,-4,1,1,1,1,1,3
-1,1,20,-12,8,1,1,1,1,3
3,12,17,12,-5,1,1,1,1,2
10,13,25,-13,12,0,1,1,1,2
-3,-6,6,-4,2,1,1,1,1,3
-5,13,18,16,-2,1,1,1,1,3
-5,2,18,-12,-6,1,0,1,1,3
8,-3,6,0,6,1,1,1,1,0
7,-11,5,4,1,1,1,1,1,0
-19,-11,23,-7,-16,0,1,1,1,3
-7,1,22,-14,8,1,1,0,1,3
-20,-14,32,-19,-13,1,1,1,1,3
-9,-16,20,10,-10,1,1,1,1,3
12,-13,7,6,1,0,1,1,1,1
-6,5,13,7,-6,1,1,1,1,3
10,12,15,11,-4,1,0,1,1,2
2,4,10,5,5,1,1,1,1,2
-4,-8,15,-5,-10,1,1,0,1,3
-11,-5,9,-7,2,1,1,1,1,3
-19,9,4,1,3,1,1,1,1,3
7,8,18,17,1,0,1,1,1,2
18,3,4,-2,2,1,1,1,1,2
-2,-12,3,-1,-2,1,1,0,1,3
-15,4,20,-12,8,1,1,1,1,3
-13,-5,17,-15,-2,1,1,0,1,3
-1,-10,4,3,1,1,1,1,1,3
3,-17,14,10,-4,1,1,1,1,0
6,-1,7,6,1,1,1,1,1,0
-10,-1,8,5,-3,1,1,1,1,3
23,11,3,-3,0,1,1,1,1,2
-6,7,17,-9,8,0,1,1,1,3
-9,-18,21,6,-15,1,1,0,1,3
-16,-2,22,-20,-2,1,1,1,1,3
5,3,9,0,-9,1,1,1,1,2
6,2,13,9,4,1,1,1,1,2
14,1,5,-3,2,1,1,1,1,2
-17,-2,6,-4,-2,1,1,1,1,3
12,7,7,5,2,1,1,1,1,2
5,13,15,5,10,0,1,1,1,2
0,-14,2,1,1,1,1,1,1,0
-7,-1,4,0,4,1,1,1,1,3
9,0,17,15,2,1,1,1,1,1
13,5,1,0,-1,1,1,1,1,2
3,-9,12,-7,-5,1,1,1,1,0
-1,-4,9,9,0,1,1,1,1,3
4,7,10,-6,-4,1,1,1,1,2
8,-9,9,2,-7,1,1,1,1,0
9,19,7,1,6,0,1,1,1,2
-1,6,10,9,1,1,1,1,1,3
9,-12,19,16,-3,1,1,1,1,0
-9,-8,8,-5,-3,1,1,1,1,3
9,-2,9,1,-8,1,1,1,1,0
17,-9,13,-5,-8,1,1,1,1,0
0,8,6,5,-1,1,1,1,1,2
-23,-4,14,-4,-10,1,0,1,1,3
9,6,11,8,3,1,1,1,1,2
-18,-2,6,3,-3,1,1,1,1,3
-6,2,7,4,-3,1,1,1,1,3
0,-11,4,-3,1,1,1,1,1,0
3,-11,1,-1,0,1,1,1,1,0
-7,-5,3,0,-3,1,1,1,1,3
4,6,13,-1,12,1,1,1,1,2
9,1,4,0,-4,1,1,1,1,2
15,0,9,0,9,0,1,1,1,1
-5,-3,10,-8,-2,1,1,1,1,3
-5,10,8,4,4,1,1,1,1,3
-7,2,4,-3,1,1,1,1,1,3
-21,7,12,4,8,1,1,1,1,3
10,4,3,-1,2,1,1,1,1,2
-5,-1,17,7,-10,1,1,0,1,3
-19,3,4,-4,0,1,1,1,1,3
-13,6,16,-11,-5,1,1,1,1,3
-14,-9,14,-9,5,1,1,1,1,3
3,1,15,7,8,1,1,1,1,2
-26,5,6,-5,-1,1,0,1,1,3
12,-7,9,-4,-5,1,1,1,1,0
-21,3,19,-15,-4,1,1,1,1,3
-17,-2,5,2,-3,1,1,0,1,3
-20,2,11,-7,4,1,1,1,1,3
10,1,7,1,6,1,1,1,1,2
-10,18,20,-15,5,0,1,1,1,3
0,-10,9,2,-7,1,1,1,1,0
-2,-1,14,-6,8,1,1,1,1,3
7,-5,12,9,3,1,1,1,1,0
5,5,7,5,2,1,1,1,1,2
-18,12,7,-1,6,1,1,1,1,3
20,-1,9,1,-8,1,1,1,1,0
18,-5,10,9,-1,1,1,0,1,0
21,12,16,-2,14,1,1,1,0,2
1,-3,15,6,-9,1,1,0,1,0
20,-4,20,14,-6,1,1,1,1,0
-14,-10,5,-2,-3,1,0,1,1,3
-3,0,8,1,7,1,1,1,1,3
-12,-5,5,-3,-2,1,1,1,1,3
3,17,1,1,0,1,1,0,1,1
7,8,5,4,1,1,1,1,0,2
5,-11,4,-4,0,1,1,1,1,0
-1,-6,13,-13,0,1,1,0,1,3
4,4,17,-3,14,0,1,1,1,2
10,9,4,-1,3,1,1,1,1,2
-21,10,10,0,10,1,1,1,1,3
-6,7,11,9,2,1,1,1,1,3
14,-12,20,15,-5,1,1,0,1,0
20,-1,10,5,5,1,1,1,1,0
4,-1,9,3,6,1,1,1,1,0
4,0,25,14,-11,1,1,1,0,1
15,4,11,3,-8,1,1,1,1,2
1,5,7,3,4,1,1,1,0,2
14,-7,27,16,11,1,1,1,1,0
5,8,12,3,9,1,1,1,1,2
12,-8,22,15,-7,1,1,0,1,0
9,-16,3,-3,0,1,1,1,1,0
3,4,6,-1,5,1,1,1,1,2
20,-6,5,3,2,1,1,1,1,0
-5,-14,3,2,-1,1,1,1,1,3
10,5,11,-1,10,1,1,1,1,2
-9,-11,7,4,-3,1,1,0,1,3
-7,6,8,7,1,1,1,1,1,3
2,-4,2,0,-2,1,1,1,1,0
7,17,21,-7,14,0,1,1,1,2
18,9,23,17,6,1,1,1,1,2
5,-11,11,4,-7,1,1,1,1,0
-19,1,19,-9,10,1,0,1,1,3
-20,5,16,7,-9,1,1,1,1,3
-15,-13,26,-17,-9,1,0,1,1,3
-11,-13,6,-3,3,1,1,1,1,3
-1,6,11,-3,-8,1,1,1,1,2
19,4,9,-8,-1,1,1,1,1,1
21,-6,20,11,-9,1,1,0,1,0
-4,-4,5,-2,3,1,1,1,1,3
9,-7,15,5,-10,1,1,0,1,0
0,7,7,-7,0,1,0,1,1,2
6,-4,12,10,2,1,1,1,1,0
4,-4,3,-2,1,1,1,1,1,0
1,5,6,6,0,1,1,1,1,2
10,3,5,4,1,1,1,1,1,2
-1,-8,16,-9,-7,1,1,1,1,3
-10,-3,15,-6,-9,1,1,1,1,3
-12,18,24,-24,0,0,1,1,1,3
-6,-2,7,3,-4,1,1,1,1,3
-15,-7,21,-13,-8,1,1,0,1,3
-14,-8,9,-7,-2,1,1,1,1,3
13,-9,4,1,-3,1,1,1,1,0
2,4,2,-1,1,1,1,1,1,2
-19,-3,6,4,-2,1,0,1,1,3
15,-5,8,-3,-5,1,1,1,1,0
5,-7,22,19,-3,1,1,1,1,0
-20,-16,12,-4,-8,1,1,1,1,3
-1,1,11,-5,-6,1,1,1,1,3
14,18,20,3,17,1,1,1,1,2
11,3,23,20,-3,1,1,1,1,2
9,-5,8,8,0,1,1,1,1,0
-22,3,8,-7,-1,1,1,1,1,3
-10,5,17,-11,6,0,1,1,1,3
17,6,4,-1,-3,1,0,1,1,2
15,-14,10,5,-5,0,1,1,1,1
13,-10,14,-3,-11,1,1,0,1,0
1,-15,5,0,-5,1,1,1,1,0
4,3,8,7,1,1,1,1,0,2
-12,6,6,0,6,1,1,1,1,3
-12,10,3,1,-2,0,1,1,0,2
16,8,24,21,3,1,1,0,0,1
16,-12,20,8,-12,1,1,1,1,0
-20,3,10,-9,1,1,1,1,1,3
1,4,2,1,1,0,1,1,1,2
-11,-10,6,5,-1,1,1,0,1,3
-14,6,6,2,-4,1,1,1,1,3
19,-4,3,3,0,1,1,1,1,0
-9,2,8,6,2,1,1,1,1,3
2,14,26,17,9,0,1,1,0,2
9,8,23,-6,17,1,1,1,1,2
20,-2,16,12,-4,1,1,1,1,1
-15,1,2,2,0,1,1,1,1,3
1,-11,8,5,-3,1,1,1,1,0
8,1,30,19,-11,0,1,1,1,2
-12,16,7,-4,3,1,1,1,1,3
-4,-6,15,13,-2,1,1,1,1,3
-19,-17,20,-4,-16,1,1,1,1,3
-1,1,10,3,-7,1,1,1,1,3
-11,16,10,-4,6,1,1,1,1,3
-21,8,11,3,8,1,1,1,1,3
-3,-4,21,-9,-12,1,1,0,1,3
16,2,16,6,-10,1,1,1,1,2
-3,19,5,4,1,0,1,1,1,3
3,-9,6,3,-3,1,1,1,1,0
-12,-3,7,-5,-2,1,1,1,1,3
-3,2,5,-2,-3,1,1,1,1,3
10,8,19,-14,5,1,1,1,1,2
-9,5,14,-10,4,1,1,1,1,3
-1,1,9,4,-5,1,1,1,1,3
-20,-4,1,0,-1,1,1,0,1,3
17,-16,18,6,-12,1,1,0,0,0
-5,3,22,6,16,1,1,1,1,3
11,3,7,4,3,1,1,1,0,2
10,8,10,-8,-2,1,1,1,1,2
-1,3,17,7,10,1,1,1,1,3
5,-7,3,2,-1,1,1,0,1,0
-5,13,12,7,-5,1,1,1,1,3
-24,2,7,1,6,1,1,1,1,3
3,-3,10,-3,7,1,1,1,1,0
16,-1,18,16,-2,1,1,1,1,0
11,5,11,5,6,1,1,1,1,2
20,4,13,11,2,1,1,1,1,1
-3,3,14,-9,5,1,1,1,1,3
-16,7,11,-5,6,1,0,1,1,3
17,-2,13,9,-4,1,1,1,1,0
-10,11,13,-5,8,1,1,1,1,3
-6,-6,7,1,-6,1,1,1,1,3
14,-6,23,18,5,1,1,1,1,0
-3,-7,3,1,-2,1,1,1,1,3
-2,6,16,-10,6,1,1,1,1,3
20,15,27,17,10,0,1,1,1,2
7,6,8,-4,-4,1,1,1,1,2
8,-10,8,1,-7,1,1,1,1,0
-3,-5,12,-1,-11,1,1,1,1,3
-11,-5,12,6,6,1,1,1,1,3
-8,-12,1,0,-1,1,1,1,1,3
-9,8,14,-1,13,0,1,1,1,3
0,-7,2,2,0,1,1,1,1,0
17,5,2,-1,-1,1,1,1,1,2
-2,0,32,23,9,0,1,1,1,3
13,2,34,18,-16,1,1,1,1,2
-4,5,18,-10,8,1,0,0,1,3
-18,-17,18,-11,-7,1,1,1,1,3
-3,7,5,3,2,1,1,1,1,3
-11,-5,10,9,1,1,1,1,1,3
-19,5,7,-1,6,1,0,1,1,3
-1,-5,11,-10,-1,1,1,1,1,3
21,2,15,1,14,1,1,1,1,2
-6,-11,5,-1,-4,1,1,1,1,3
-7,-6,2,-1,-1,1,0,1,1,3
-3,10,9,-9,0,0,1,1,1,3
-14,9,1,0,-1,1,0,1,1,3
0,-10,32,-22,-10,1,1,1,1,0
6,13,10,2,8,1,1,1,1,2
3,4,13,3,10,1,1,1,1,2
10,-5,14,6,-8,1,1,1,1,0
5,-10,19,-2,-17,1,1,0,1,0
-6,12,13,-5,8,1,1,1,1,3
-17,3,16,-15,-1,1,1,1,1,3
8,-1,7,-6,-1,1,1,1,1,0
14,7,16,7,9,1,1,1,0,2
-5,-9,9,-1,-8,1,1,1,1,3
5,15,14,9,5,1,0,0,1,3
5,-6,14,-9,5,1,1,1,1,0
10,-4,4,-2,-2,1,1,0,1,0
5,12,16,5,11,1,1,1,1,2
-4,1,14,-13,1,1,1,1,1,3
-3,0,13,3,-10,1,0,1,1,3
-8,-2,4,0,4,1,1,1,1,3
-10,13,31,-21,10,1,0,1,1,3
-2,-1,23,11,12,1,1,1,1,3
-5,5,5,-1,-4,1,1,1,1,3
16,-11,17,-1,-16,0,1,1,1,1
20,-2,14,11,-3,1,1,1,1,1
5,13,9,-2,7,1,1,1,1,2
11,8,8,5,-3,0,1,1,0,2
-4,-1,2,1,-1,1,1,1,1,3
8,-11,6,-4,2,1,1,1,1,0
13,13,15,5,10,1,1,1,1,2
-15,0,6,-4,2,0,0,1,1,3
-20,6,21,-8,13,1,1,1,0,2
-1,-19,17,13,-4,1,1,0,1,3
-5,10,6,-2,4,1,1,1,1,3
6,2,19,5,14,1,1,1,1,2
-8,2,8,7,-1,1,1,1,1,3
6,7,13,-5,8,1,1,1,1,2
15,-9,14,12,2,1,1,1,1,0
12,-15,11,9,-2,1,1,0,1,0
-5,6,15,5,-10,1,1,1,1,3
15,-11,18,13,-5,1,1,1,1,0
3,-5,7,7,0,1,1,1,0,0
12,1,10,4,6,1,1,1,1,2
0,8,14,7,-7,1,1,1,1,2
12,3,13,12,1,1,1,1,1,2
-1,-1,22,-10,-12,1,0,1,1,3
12,-12,9,-3,6,1,1,1,1,0
-1,-8,8,2,-6,1,1,1,1,3
11,10,9,-6,3,1,1,1,1,2
12,-1,9,-3,-6,1,1,1,1,0
-19,-6,2,0,-2,1,1,1,0,0
5,2,15,7,8,1,1,1,1,2
14,9,20,-11,9,1,1,1,1,2
10,13,3,-1,-2,1,1,1,1,2
5,-7,3,-2,1,1,1,1,1,0
-13,13,18,-15,3,1,0,1,1,3
-7,4,4,-2,2,1,1,1,1,3
0,2,13,-6,7,1,1,1,1,2
20,-5,10,3,-7,1,1,0,1,0
0,-2,25,-18,7,1,0,1,1,0
-4,7,14,-9,5,1,0,1,1,3
17,1,27,12,-15,1,1,1,1,2
5,-2,19,-13,6,1,1,1,1,0
19,1,24,11,13,0,1,1,1,2
-3,-8,12,4,-8,1,1,1,1,3
14,-5,13,12,1,1,1,1,0,0
-9,0,9,-4,-5,1,0,1,1,3
-13,-3,19,-19,0,1,0,1,1,3
-3,-3,18,-10,8,1,1,1,1,3
-19,0,24,-10,-14,1,0,1,1,3
19,6,6,0,-6,1,1,1,1,2
9,18,21,15,6,0,1,1,0,2
18,-7,13,12,1,1,1,1,1,0
0,6,18,4,14,1,1,1,1,2
-16,-4,9,-4,5,1,1,1,1,3
-10,-15,9,-5,-4,1,1,1,1,3
3,5,3,-2,-1,1,1,1,1,2
11,-4,11,-1,-10,1,1,1,1,0
-3,15,13,-5,8,0,1,1,1,3
-11,1,16,-13,3,1,1,1,1,3
12,-9,2,-1,-1,1,1,1,1,0
2,0,21,-8,-13,1,1,1,1,1
6,1,8,-8,0,1,1,1,1,2
-4,-2,7,0,-7,1,1,1,1,3
-12,11,28,-16,12,0,1,1,0,2
-8,-2,19,14,5,1,1,1,1,3
-16,-2,24,-15,-9,1,1,1,1,3
-22,-1,9,1,8,1,1,1,1,3
-22,5,4,-2,-2,1,1,1,1,3
-15,14,3,2,-1,1,1,1,1,3
14,-5,11,-6,-5,1,1,1,1,0
0,-14,24,5,-19,1,1,0,1,0
-9,10,4,0,4,1,1,1,1,3
-7,-3,8,4,-4,1,1,1,1,3
-6,11,9,2,-7,1,1,1,1,3
6,6,14,-8,6,1,1,1,1,2
-7,-8,6,5,-1,1,1,1,1,3
-2,7,15,14,1,1,1,1,1,3
-7,8,14,-5,-9,1,1,1,1,3
-16,-11,8,-2,6,1,1,1,1,3
25,9,12,6,6,1,1,1,1,2
-11,4,6,0,-6,1,1,1,1,3
-20,-5,5,-4,1,1,1,1,1,3
-1,3,10,1,9,1,1,1,1,3
7,16,41,22,19,0,1,1,0,2
2,11,9,-5,4,1,1,1,1,2
3,-3,10,1,-9,1,1,1,1,0
2,-4,4,-4,0,0,1,1,1,3
-15,-10,3,-1,-2,1,1,1,1,3
16,-4,15,13,-2,1,1,1,0,0
3,0,20,19,-1,1,1,1,0,1
3,4,8,8,0,1,1,1,1,2
1,0,9,0,-9,1,1,1,1,1
-3,-18,13,-3,-10,1,0,0,1,3
-15,-2,18,-12,-6,1,1,1,1,3
